record_role,schema_version,as_of,source_authorities,path,url,wordpress_type,content_kind,final_disposition,content_state,revision_scope,revision_id,revision_digest,revision_review_decision,semantic_review_status,target_mapping_status,delivery_status,dev_execution_handoff_id,dev_draft_post_id,robot_ready,blocker_codes,next_action
current_state,content_status_214_v1,2026-09-10T12:00:00+02:00,WILQ SQLite;canonical content ledger;dev execution readback;dev sitemap inventory,/,https://ekologus.dev.proudsite.pl,page,landing_or_hub,keep,written_approved,current,content_revision_4584d3a99e9f4169bc306186926d0a13,cdb2caee3df408441283d813a6deae8a016a6127792887314e5510d9f500790c,approved,zero_findings,blocked_human_mapping,blocked_human_mapping,,,false,blocked_human_mapping,confirm_exact_target_mapping
current_state,content_status_214_v1,2026-09-10T12:00:00+02:00,WILQ SQLite;canonical content ledger;dev execution readback;dev sitemap inventory,/3-kroki-do-bezpiecznego-funkcjonowania-przedsiebiorstwa-w-zgodzie-z-przepisami-w-obszarze-ochrony-srodowiska,https://ekologus.dev.proudsite.pl/3-kroki-do-bezpiecznego-funkcjonowania-przedsiebiorstwa-w-zgodzie-z-przepisami-w-obszarze-ochrony-srodowiska,post,editorial,keep,not_written,none,,,,not_generated,,candidate_blocked,,,false,cta_target_verification_required;current_revision_missing;current_work_item_missing;gsc_query_metric_context_absent;internal_link_verification_required;no_exact_gsc_page_facts;owner_review_required;page_asset_owner_review_required;seo_meta_owner_mapping_missing;source_claim_review_required;target_mapping_confirmation_required;target_mapping_observation_only;update_only_readback_contract_missing,prepare_evidence_bound_revision
current_state,content_status_214_v1,2026-09-10T12:00:00+02:00,WILQ SQLite;canonical content ledger;dev execution readback;dev sitemap inventory,/analiza-pozwolen-zintegrowanych,https://ekologus.dev.proudsite.pl/analiza-pozwolen-zintegrowanych,post,editorial,keep,written_approved,current,content_revision_f586a5fd2ce441b4930c7c39b654ef8f,14725e7788c98aedb27c16cdcb6e70280f69498be59dde2365f03672ca3f796f,approved,zero_findings,confirmed_the_content,blocked_target_unavailable,,,false,target_unavailable,configure_wordpress_dev_rest_then_create_action_and_readback
current_state,content_status_214_v1,2026-09-10T12:00:00+02:00,WILQ SQLite;canonical content ledger;dev execution readback;dev sitemap inventory,/animacja-historii-i-glownych-uslug-ekologus,https://ekologus.dev.proudsite.pl/animacja-historii-i-glownych-uslug-ekologus,post,editorial,noindex,not_required,none,,,,not_required,,audit_only_no_content,,,false,non_survivor_noindex,execute_noindex_policy
current_state,content_status_214_v1,2026-09-10T12:00:00+02:00,WILQ SQLite;canonical content ledger;dev execution readback;dev sitemap inventory,/author/conjure8415,https://ekologus.dev.proudsite.pl/author/conjure8415,,taxonomy_or_system,remove,not_required,none,,,,not_required,,audit_only_no_content,,,false,non_survivor_remove,execute_remove_policy
current_state,content_status_214_v1,2026-09-10T12:00:00+02:00,WILQ SQLite;canonical content ledger;dev execution readback;dev sitemap inventory,/badania-obecnosci-radonu,https://ekologus.dev.proudsite.pl/badania-obecnosci-radonu,post,editorial,keep,not_written,none,,,,not_generated,,candidate_blocked,,,false,content_flag_guarantee;content_flag_historic_date;cta_target_verification_required;current_revision_missing;exact_base_source_context_missing;internal_link_verification_required;owner_review_required;page_asset_owner_review_required;seo_meta_owner_mapping_missing;service_binding_missing;source_claim_review_required;source_pack_work_item_binding_unverified;target_mapping_confirmation_required;target_mapping_observation_only;typed_target_context_absent;unknown_service_card;update_only_readback_contract_missing;work_item_identity_fork,fetch_full_public_source_and_resolve_service_binding
current_state,content_status_214_v1,2026-09-10T12:00:00+02:00,WILQ SQLite;canonical content ledger;dev execution readback;dev sitemap inventory,/baza-wiedzy,https://ekologus.dev.proudsite.pl/baza-wiedzy,page,landing_or_hub,noindex,not_required,none,,,,not_required,,audit_only_no_content,,,false,non_survivor_noindex,execute_noindex_policy
current_state,content_status_214_v1,2026-09-10T12:00:00+02:00,WILQ SQLite;canonical content ledger;dev execution readback;dev sitemap inventory,/bdo-co-musi-wiedziec-przedsiebiorca,https://ekologus.dev.proudsite.pl/bdo-co-musi-wiedziec-przedsiebiorca,post,editorial,keep,written_approved,current,content_revision_52d07d4011c04168842c87aeb26785a1,a8f02b1b0223651e105ced3c7e38e506d77f7f8a543b6f5ccbda99f93874b6f8,approved,zero_findings,,dev_draft_verified,wordpress_draft_handoff_content_work_item_content_decision_https___www_ekologus_pl_bdo_co_musi_wiedziec_przedsiebiorca_content_revision_52d07d4011c04168842c87aeb26785a1,1991,false,existing_verified_draft_or_applied_action;planning_read_error;source_pack_work_item_binding_unverified;work_item_identity_fork,audit_current_legal_freshness_and_readback
current_state,content_status_214_v1,2026-09-10T12:00:00+02:00,WILQ SQLite;canonical content ledger;dev execution readback;dev sitemap inventory,/bdo-kolejny-obowiazek-dla-przedsiebiorcy,https://ekologus.dev.proudsite.pl/bdo-kolejny-obowiazek-dla-przedsiebiorcy,post,editorial,noindex,not_required,none,,,,not_required,,audit_only_no_content,,,false,non_survivor_noindex,execute_noindex_policy
current_state,content_status_214_v1,2026-09-10T12:00:00+02:00,WILQ SQLite;canonical content ledger;dev execution readback;dev sitemap inventory,/bilans-lzo-przekroczenie-standardow-emisyjnych-a-obowiazek-raportowy,https://ekologus.dev.proudsite.pl/bilans-lzo-przekroczenie-standardow-emisyjnych-a-obowiazek-raportowy,post,editorial,keep,not_written,none,,,,not_generated,,candidate_blocked,,,false,content_flag_historic_date;cta_target_verification_required;current_revision_missing;current_work_item_missing;internal_link_verification_required;owner_review_required;page_asset_owner_review_required;seo_meta_owner_mapping_missing;source_claim_review_required;target_mapping_confirmation_required;target_mapping_observation_only;update_only_readback_contract_missing,prepare_evidence_bound_revision
current_state,content_status_214_v1,2026-09-10T12:00:00+02:00,WILQ SQLite;canonical content ledger;dev execution readback;dev sitemap inventory,/brefy-po-rewizji-europejskiego-biura-ippc-nowy-projekt-konkluzji-bat,https://ekologus.dev.proudsite.pl/brefy-po-rewizji-europejskiego-biura-ippc-nowy-projekt-konkluzji-bat,post,editorial,noindex,not_required,none,,,,not_required,,audit_only_no_content,,,false,non_survivor_noindex,execute_noindex_policy
current_state,content_status_214_v1,2026-09-10T12:00:00+02:00,WILQ SQLite;canonical content ledger;dev execution readback;dev sitemap inventory,/burza-w-odpadach-2018-2019,https://ekologus.dev.proudsite.pl/burza-w-odpadach-2018-2019,post,editorial,noindex,not_required,none,,,,not_required,,audit_only_no_content,,,false,non_survivor_noindex,execute_noindex_policy
current_state,content_status_214_v1,2026-09-10T12:00:00+02:00,WILQ SQLite;canonical content ledger;dev execution readback;dev sitemap inventory,/ciagle-zmiany-w-prawie-wodnym,https://ekologus.dev.proudsite.pl/ciagle-zmiany-w-prawie-wodnym,post,editorial,noindex,not_required,none,,,,not_required,,audit_only_no_content,,,false,non_survivor_noindex,execute_noindex_policy
current_state,content_status_214_v1,2026-09-10T12:00:00+02:00,WILQ SQLite;canonical content ledger;dev execution readback;dev sitemap inventory,/co-powinien-wiedziec-kierownik-skladowiska-odpadow,https://ekologus.dev.proudsite.pl/co-powinien-wiedziec-kierownik-skladowiska-odpadow,post,editorial,noindex,not_required,historical,content_revision_8a27848157eb46d79b91460ee1ae1a92,6d540078ef1435a04961568df748489a5f9bbebc3e31f23c916cc3120bc58ee1,approved,not_required,,audit_only_no_content,,,false,non_survivor_noindex,execute_noindex_policy
current_state,content_status_214_v1,2026-09-10T12:00:00+02:00,WILQ SQLite;canonical content ledger;dev execution readback;dev sitemap inventory,/czy-kazda-rozbudowa-zakladu-przemyslowego-wymaga-decyzji-srodowiskowej,https://ekologus.dev.proudsite.pl/czy-kazda-rozbudowa-zakladu-przemyslowego-wymaga-decyzji-srodowiskowej,post,editorial,keep,not_written,none,,,,not_generated,,candidate_blocked,,,false,content_flag_historic_date;cta_target_verification_required;current_revision_missing;current_work_item_missing;gsc_query_metric_context_absent;internal_link_verification_required;no_exact_gsc_page_facts;owner_review_required;page_asset_owner_review_required;seo_meta_duplicate_split_required;seo_meta_owner_mapping_missing;source_claim_review_required;target_mapping_confirmation_required;target_mapping_observation_only;update_only_readback_contract_missing,prepare_evidence_bound_revision
current_state,content_status_214_v1,2026-09-10T12:00:00+02:00,WILQ SQLite;canonical content ledger;dev execution readback;dev sitemap inventory,/czy-przygotowane-wieloletnie-plany-inwestycyjne-z-zakresu-gospodarki-odpadami-spelniaja-nowe-wymagania-prawne,https://ekologus.dev.proudsite.pl/czy-przygotowane-wieloletnie-plany-inwestycyjne-z-zakresu-gospodarki-odpadami-spelniaja-nowe-wymagania-prawne,post,editorial,noindex,not_required,none,,,,not_required,,audit_only_no_content,,,false,non_survivor_noindex,execute_noindex_policy
current_state,content_status_214_v1,2026-09-10T12:00:00+02:00,WILQ SQLite;canonical content ledger;dev execution readback;dev sitemap inventory,/czy-wiesz-ze-zgodnie-z-nowa-norma-iso-45001-masz-obowiazek-reagowac-na-sytuacje-awaryjne,https://ekologus.dev.proudsite.pl/czy-wiesz-ze-zgodnie-z-nowa-norma-iso-45001-masz-obowiazek-reagowac-na-sytuacje-awaryjne,post,editorial,keep,not_written,none,,,,not_generated,,candidate_blocked,,,false,content_flag_guarantee;content_flag_product_scope;cta_target_verification_required;current_revision_missing;current_work_item_missing;gsc_query_metric_context_absent;internal_link_verification_required;no_exact_gsc_page_facts;owner_review_required;page_asset_owner_review_required;seo_meta_owner_mapping_missing;source_claim_review_required;target_mapping_confirmation_required;target_mapping_observation_only;update_only_readback_contract_missing,prepare_evidence_bound_revision
current_state,content_status_214_v1,2026-09-10T12:00:00+02:00,WILQ SQLite;canonical content ledger;dev execution readback;dev sitemap inventory,/czy-wysokosc-skladowiska-odpadow-liczy-sie-z-warstwa-rekultywacyjna,https://ekologus.dev.proudsite.pl/czy-wysokosc-skladowiska-odpadow-liczy-sie-z-warstwa-rekultywacyjna,post,editorial,keep,written_approved,current,content_revision_c7488cc138a142e7964c732c3204374a,7ebe557a68a0a45f025a22f162bba780c36ebff36b49e93152b72664e311f09d,approved,zero_findings,,dev_draft_verified,wordpress_draft_handoff_content_work_item_content_decision_https___www_ekologus_pl_czy_wysokosc_skladowiska_odpadow_liczy_sie_z_warstwa_rek_content_revision_c7488cc138a142e7964c732c3204374a,1997,false,,confirm_exact_target_mapping
current_state,content_status_214_v1,2026-09-10T12:00:00+02:00,WILQ SQLite;canonical content ledger;dev execution readback;dev sitemap inventory,/czym-jest-europejski-system-ekozarzadzania-i-audytu-emas,https://ekologus.dev.proudsite.pl/czym-jest-europejski-system-ekozarzadzania-i-audytu-emas,post,editorial,keep,not_written,none,,,,not_generated,,candidate_blocked,,,false,cta_target_verification_required;current_revision_missing;internal_link_verification_required;owner_review_required;page_asset_owner_review_required;seo_meta_owner_mapping_missing;source_claim_review_required;target_mapping_confirmation_required;target_mapping_observation_only;unknown_service_card;update_only_readback_contract_missing,prepare_evidence_bound_revision
current_state,content_status_214_v1,2026-09-10T12:00:00+02:00,WILQ SQLite;canonical content ledger;dev execution readback;dev sitemap inventory,/czym-jest-goz-i-jakie-sa-jego-zalozenia,https://ekologus.dev.proudsite.pl/czym-jest-goz-i-jakie-sa-jego-zalozenia,post,editorial,keep,not_written,none,,,,not_generated,,candidate_blocked,,,false,content_flag_historic_date;content_flag_product_scope;cta_target_verification_required;current_revision_missing;internal_link_verification_required;owner_review_required;page_asset_owner_review_required;seo_meta_owner_mapping_missing;source_claim_review_required;target_mapping_confirmation_required;target_mapping_observation_only;unknown_service_card;update_only_readback_contract_missing,prepare_evidence_bound_revision
current_state,content_status_214_v1,2026-09-10T12:00:00+02:00,WILQ SQLite;canonical content ledger;dev execution readback;dev sitemap inventory,/czym-kierowac-sie-podczas-kupna-sorbentu-aby-dobrac-go-odpowiednio-do-naszych-potrzeb,https://ekologus.dev.proudsite.pl/czym-kierowac-sie-podczas-kupna-sorbentu-aby-dobrac-go-odpowiednio-do-naszych-potrzeb,post,editorial,keep,not_written,none,,,,not_generated,,candidate_blocked,,,false,content_flag_product_scope;cta_target_verification_required;current_revision_missing;current_work_item_missing;internal_link_verification_required;owner_review_required;page_asset_owner_review_required;seo_meta_owner_mapping_missing;source_claim_review_required;target_mapping_confirmation_required;target_mapping_observation_only;update_only_readback_contract_missing,prepare_evidence_bound_revision
current_state,content_status_214_v1,2026-09-10T12:00:00+02:00,WILQ SQLite;canonical content ledger;dev execution readback;dev sitemap inventory,/czym-sa-historyczne-zanieczyszczenia-i-jakie-obowiazki-ma-wlasciciel-gruntu,https://ekologus.dev.proudsite.pl/czym-sa-historyczne-zanieczyszczenia-i-jakie-obowiazki-ma-wlasciciel-gruntu,post,editorial,keep,not_written,none,,,,not_generated,,candidate_blocked,,,false,content_flag_historic_date;cta_target_verification_required;current_revision_missing;internal_link_verification_required;owner_review_required;page_asset_owner_review_required;seo_meta_owner_mapping_missing;source_claim_review_required;target_mapping_confirmation_required;target_mapping_observation_only;unknown_service_card;update_only_readback_contract_missing,prepare_evidence_bound_revision
current_state,content_status_214_v1,2026-09-10T12:00:00+02:00,WILQ SQLite;canonical content ledger;dev execution readback;dev sitemap inventory,/diwass-od-2026-roku-co-zmienia-cyfrowy-system-transgranicznego-przemieszczania-odpadow,https://ekologus.dev.proudsite.pl/diwass-od-2026-roku-co-zmienia-cyfrowy-system-transgranicznego-przemieszczania-odpadow,post,editorial,keep,not_written,none,,,,not_generated,,candidate_blocked,,,false,content_flag_guarantee;content_flag_historic_date;cta_target_verification_required;current_revision_missing;current_work_item_missing;gsc_query_metric_context_absent;internal_link_verification_required;no_exact_gsc_page_facts;owner_review_required;page_asset_owner_review_required;seo_meta_owner_mapping_missing;source_claim_review_required;target_mapping_confirmation_required;target_mapping_observation_only;update_only_readback_contract_missing,prepare_evidence_bound_revision
current_state,content_status_214_v1,2026-09-10T12:00:00+02:00,WILQ SQLite;canonical content ledger;dev execution readback;dev sitemap inventory,/dlaczego-i-kiedy-nalezy-wykonac-ocene-stanu-jakosci-gleby-ziemi-i-wod-podziemnych,https://ekologus.dev.proudsite.pl/dlaczego-i-kiedy-nalezy-wykonac-ocene-stanu-jakosci-gleby-ziemi-i-wod-podziemnych,post,editorial,keep,not_written,none,,,,not_generated,,candidate_blocked,,,false,content_flag_historic_date;cta_target_verification_required;current_revision_missing;current_work_item_missing;internal_link_verification_required;owner_review_required;page_asset_owner_review_required;seo_meta_owner_mapping_missing;source_claim_review_required;target_mapping_confirmation_required;target_mapping_observation_only;update_only_readback_contract_missing,prepare_evidence_bound_revision
current_state,content_status_214_v1,2026-09-10T12:00:00+02:00,WILQ SQLite;canonical content ledger;dev execution readback;dev sitemap inventory,/dlaczego-mowimy-o-compliance-czyli-zarzadzaniu-zgodnoscia,https://ekologus.dev.proudsite.pl/dlaczego-mowimy-o-compliance-czyli-zarzadzaniu-zgodnoscia,post,editorial,keep,not_written,none,,,,not_generated,,candidate_blocked,,,false,content_flag_guarantee;content_flag_product_scope;cta_target_verification_required;current_revision_missing;internal_link_verification_required;owner_review_required;page_asset_owner_review_required;seo_meta_owner_mapping_missing;source_claim_review_required;target_mapping_confirmation_required;target_mapping_observation_only;unknown_service_card;update_only_readback_contract_missing,prepare_evidence_bound_revision
current_state,content_status_214_v1,2026-09-10T12:00:00+02:00,WILQ SQLite;canonical content ledger;dev execution readback;dev sitemap inventory,/dlaczego-warto-skorzystac-z-uslug-specjalistow-ds-ochrony-srodowiska,https://ekologus.dev.proudsite.pl/dlaczego-warto-skorzystac-z-uslug-specjalistow-ds-ochrony-srodowiska,post,editorial,keep,not_written,none,,,,not_generated,,candidate_blocked,,,false,content_flag_guarantee;content_flag_historic_date;content_flag_product_scope;cta_target_verification_required;current_revision_missing;current_work_item_missing;gsc_query_metric_context_absent;internal_link_verification_required;no_exact_gsc_page_facts;owner_review_required;page_asset_owner_review_required;seo_meta_owner_mapping_missing;source_claim_review_required;target_mapping_confirmation_required;target_mapping_observation_only;update_only_readback_contract_missing,prepare_evidence_bound_revision
current_state,content_status_214_v1,2026-09-10T12:00:00+02:00,WILQ SQLite;canonical content ledger;dev execution readback;dev sitemap inventory,/dofinansowanie-na-realizacje-uslug-rozwojowych-dla-msp,https://ekologus.dev.proudsite.pl/dofinansowanie-na-realizacje-uslug-rozwojowych-dla-msp,post,editorial,noindex,not_required,historical,content_revision_02a7ac76b5f344ef861054f05dd42b85,023c38b96990f631ba99c133964b251818d071d1c2baf82fd3f39fa16333d1e5,,not_required,,audit_only_no_content,,,false,non_survivor_noindex,execute_noindex_policy
current_state,content_status_214_v1,2026-09-10T12:00:00+02:00,WILQ SQLite;canonical content ledger;dev execution readback;dev sitemap inventory,/dokumentacja-srodowiskowa-w-procesie-inwestycyjnym,https://ekologus.dev.proudsite.pl/dokumentacja-srodowiskowa-w-procesie-inwestycyjnym,post,editorial,keep,written_approved,current,content_revision_410eb8e1f1264d18a8cb825996a0be84,b26f527ed2ed9e4bf034d7717f97913f1354d678e95148028871070fbac061e5,approved,zero_findings,,dev_draft_verified,wordpress_draft_handoff_content_work_item_content_decision_https___www_ekologus_pl_dokumentacja_srodowiskowa_w_procesie_inwestycyjnym_content_revision_410eb8e1f1264d18a8cb825996a0be84,1993,false,,confirm_exact_target_mapping
current_state,content_status_214_v1,2026-09-10T12:00:00+02:00,WILQ SQLite;canonical content ledger;dev execution readback;dev sitemap inventory,/dotacje-na-szkolenia-z-krajowego-funduszu-szkoleniowego-2017,https://ekologus.dev.proudsite.pl/dotacje-na-szkolenia-z-krajowego-funduszu-szkoleniowego-2017,post,editorial,noindex,not_required,none,,,,not_required,,audit_only_no_content,,,false,non_survivor_noindex,execute_noindex_policy
current_state,content_status_214_v1,2026-09-10T12:00:00+02:00,WILQ SQLite;canonical content ledger;dev execution readback;dev sitemap inventory,/eko-check-lista-na-koniec-2023,https://ekologus.dev.proudsite.pl/eko-check-lista-na-koniec-2023,post,editorial,noindex,not_required,none,,,,not_required,,audit_only_no_content,,,false,non_survivor_noindex,execute_noindex_policy
current_state,content_status_214_v1,2026-09-10T12:00:00+02:00,WILQ SQLite;canonical content ledger;dev execution readback;dev sitemap inventory,/europejski-zielony-lad-co-to-takiego,https://ekologus.dev.proudsite.pl/europejski-zielony-lad-co-to-takiego,post,editorial,keep,written_approved,current,content_revision_3e3b1a927c164c33aae13471250f5aab,f4674570416c51fe6b321cdd59d5ff83a3cd27e1bee7aad2a5fd657cbf35a6ee,approved,zero_findings,blocked_target_unavailable,blocked_target_unavailable,,,false,target_unavailable,configure_wordpress_dev_rest_and_retry_target_discovery
current_state,content_status_214_v1,2026-09-10T12:00:00+02:00,WILQ SQLite;canonical content ledger;dev execution readback;dev sitemap inventory,/fundusze-europejskie-dla-wojewodztwa-slaskiego-2021-2027-wsparcie-msp-na-rzecz-transformacji,https://ekologus.dev.proudsite.pl/fundusze-europejskie-dla-wojewodztwa-slaskiego-2021-2027-wsparcie-msp-na-rzecz-transformacji,post,editorial,noindex,not_required,none,,,,not_required,,audit_only_no_content,,,false,non_survivor_noindex,execute_noindex_policy
current_state,content_status_214_v1,2026-09-10T12:00:00+02:00,WILQ SQLite;canonical content ledger;dev execution readback;dev sitemap inventory,/informacja-o-opakowaniach-i-odpadach-opakowaniowych-oraz-o-oplacie-produktowej,https://ekologus.dev.proudsite.pl/informacja-o-opakowaniach-i-odpadach-opakowaniowych-oraz-o-oplacie-produktowej,post,editorial,keep,written_approved,current,content_revision_022ba626e0e9410199b8874802dea35f,7fc41cb10dc4ec8825f2d390c4c80eb1e125f97e7b1ba04d107b8f5015a0499f,approved,zero_findings,confirmed_the_content,dev_draft_verified,wordpress_draft_handoff_content_work_item_content_decision_https___www_ekologus_pl_informacja_o_opakowaniach_i_odpadach_opakowaniowych_oraz_content_revision_022ba626e0e9410199b8874802dea35f,1999,false,,confirm_exact_target_mapping
current_state,content_status_214_v1,2026-09-10T12:00:00+02:00,WILQ SQLite;canonical content ledger;dev execution readback;dev sitemap inventory,/istotne-zmiany-prawne-dla-przedsiebiorcow-w-sierpniu-2019,https://ekologus.dev.proudsite.pl/istotne-zmiany-prawne-dla-przedsiebiorcow-w-sierpniu-2019,post,editorial,noindex,not_required,none,,,,not_required,,audit_only_no_content,,,false,non_survivor_noindex,execute_noindex_policy
current_state,content_status_214_v1,2026-09-10T12:00:00+02:00,WILQ SQLite;canonical content ledger;dev execution readback;dev sitemap inventory,/jak-dobrac-sorbent-do-twojej-branzy-praktyczny-przewodnik-z-produktami,https://ekologus.dev.proudsite.pl/jak-dobrac-sorbent-do-twojej-branzy-praktyczny-przewodnik-z-produktami,post,editorial,keep,not_written,none,,,,not_generated,,candidate_blocked,,,false,content_flag_guarantee;content_flag_product_scope;cta_target_verification_required;current_revision_missing;current_work_item_missing;gsc_query_metric_context_absent;internal_link_verification_required;no_exact_gsc_page_facts;owner_review_required;page_asset_owner_review_required;seo_meta_owner_mapping_missing;source_claim_review_required;target_mapping_confirmation_required;target_mapping_observation_only;update_only_readback_contract_missing,prepare_evidence_bound_revision
current_state,content_status_214_v1,2026-09-10T12:00:00+02:00,WILQ SQLite;canonical content ledger;dev execution readback;dev sitemap inventory,/jak-postepowac-z-odpadami-w-swietle-nowej-ustawy-z-14-12-2012-r,https://ekologus.dev.proudsite.pl/jak-postepowac-z-odpadami-w-swietle-nowej-ustawy-z-14-12-2012-r,post,editorial,noindex,not_required,none,,,,not_required,,audit_only_no_content,,,false,non_survivor_noindex,execute_noindex_policy
current_state,content_status_214_v1,2026-09-10T12:00:00+02:00,WILQ SQLite;canonical content ledger;dev execution readback;dev sitemap inventory,/jak-postepowac-z-olejami-odpadowymi,https://ekologus.dev.proudsite.pl/jak-postepowac-z-olejami-odpadowymi,post,editorial,keep,not_written,none,,,,not_generated,,candidate_blocked,,,false,content_flag_guarantee;content_flag_product_scope;cta_target_verification_required;current_revision_missing;internal_link_verification_required;owner_review_required;page_asset_owner_review_required;seo_meta_owner_mapping_missing;source_claim_review_required;target_mapping_confirmation_required;target_mapping_observation_only;unknown_service_card;update_only_readback_contract_missing,prepare_evidence_bound_revision
current_state,content_status_214_v1,2026-09-10T12:00:00+02:00,WILQ SQLite;canonical content ledger;dev execution readback;dev sitemap inventory,/jak-powinien-funkcjonowac-zaklad-ripok-mbp,https://ekologus.dev.proudsite.pl/jak-powinien-funkcjonowac-zaklad-ripok-mbp,post,editorial,noindex,not_required,none,,,,not_required,,audit_only_no_content,,,false,non_survivor_noindex,execute_noindex_policy
current_state,content_status_214_v1,2026-09-10T12:00:00+02:00,WILQ SQLite;canonical content ledger;dev execution readback;dev sitemap inventory,/kariera/ekspert-ds-ochrony-srodowiska,https://ekologus.dev.proudsite.pl/kariera/ekspert-ds-ochrony-srodowiska,,taxonomy_or_system,noindex,not_required,none,,,,not_required,,audit_only_no_content,,,false,non_survivor_noindex,execute_noindex_policy
current_state,content_status_214_v1,2026-09-10T12:00:00+02:00,WILQ SQLite;canonical content ledger;dev execution readback;dev sitemap inventory,/kariera/handlowiec-ds-sprzedazy-srodkow-technicznych,https://ekologus.dev.proudsite.pl/kariera/handlowiec-ds-sprzedazy-srodkow-technicznych,,taxonomy_or_system,noindex,not_required,none,,,,not_required,,audit_only_no_content,,,false,non_survivor_noindex,execute_noindex_policy
current_state,content_status_214_v1,2026-09-10T12:00:00+02:00,WILQ SQLite;canonical content ledger;dev execution readback;dev sitemap inventory,/kariera/koordynator-ds-organizacji-i-obslugi-szkolen-oraz-eventow,https://ekologus.dev.proudsite.pl/kariera/koordynator-ds-organizacji-i-obslugi-szkolen-oraz-eventow,,taxonomy_or_system,noindex,not_required,none,,,,not_required,,audit_only_no_content,,,false,non_survivor_noindex,execute_noindex_policy
current_state,content_status_214_v1,2026-09-10T12:00:00+02:00,WILQ SQLite;canonical content ledger;dev execution readback;dev sitemap inventory,/kariera/specjlaista-ds-ochrony-srodowiska,https://ekologus.dev.proudsite.pl/kariera/specjlaista-ds-ochrony-srodowiska,,taxonomy_or_system,noindex,not_required,none,,,,not_required,,audit_only_no_content,,,false,non_survivor_noindex,execute_noindex_policy
current_state,content_status_214_v1,2026-09-10T12:00:00+02:00,WILQ SQLite;canonical content ledger;dev execution readback;dev sitemap inventory,/kategoria-oferty/oferty-b2b,https://ekologus.dev.proudsite.pl/kategoria-oferty/oferty-b2b,,taxonomy_or_system,remove,not_required,none,,,,not_required,,audit_only_no_content,,,false,non_survivor_remove,execute_remove_policy
current_state,content_status_214_v1,2026-09-10T12:00:00+02:00,WILQ SQLite;canonical content ledger;dev execution readback;dev sitemap inventory,/kategoria-oferty/oferty-pracy,https://ekologus.dev.proudsite.pl/kategoria-oferty/oferty-pracy,,taxonomy_or_system,remove,not_required,none,,,,not_required,,audit_only_no_content,,,false,non_survivor_remove,execute_remove_policy
current_state,content_status_214_v1,2026-09-10T12:00:00+02:00,WILQ SQLite;canonical content ledger;dev execution readback;dev sitemap inventory,/kategorie-bazy-wiedzy/doradztwo-ekologiczne,https://ekologus.dev.proudsite.pl/kategorie-bazy-wiedzy/doradztwo-ekologiczne,,taxonomy_or_system,noindex,not_required,none,,,,not_required,,audit_only_no_content,,,false,non_survivor_noindex,execute_noindex_policy
current_state,content_status_214_v1,2026-09-10T12:00:00+02:00,WILQ SQLite;canonical content ledger;dev execution readback;dev sitemap inventory,/kategorie-bazy-wiedzy/gospodarka-odpadami,https://ekologus.dev.proudsite.pl/kategorie-bazy-wiedzy/gospodarka-odpadami,,taxonomy_or_system,noindex,not_required,none,,,,not_required,,audit_only_no_content,,,false,non_survivor_noindex,execute_noindex_policy
current_state,content_status_214_v1,2026-09-10T12:00:00+02:00,WILQ SQLite;canonical content ledger;dev execution readback;dev sitemap inventory,/kategorie-bazy-wiedzy/gospodarka-wodno-sciekowa,https://ekologus.dev.proudsite.pl/kategorie-bazy-wiedzy/gospodarka-wodno-sciekowa,,taxonomy_or_system,noindex,not_required,none,,,,not_required,,audit_only_no_content,,,false,non_survivor_noindex,execute_noindex_policy
current_state,content_status_214_v1,2026-09-10T12:00:00+02:00,WILQ SQLite;canonical content ledger;dev execution readback;dev sitemap inventory,/kategorie-bazy-wiedzy/ochrona-srodowiska,https://ekologus.dev.proudsite.pl/kategorie-bazy-wiedzy/ochrona-srodowiska,,taxonomy_or_system,noindex,not_required,none,,,,not_required,,audit_only_no_content,,,false,non_survivor_noindex,execute_noindex_policy
current_state,content_status_214_v1,2026-09-10T12:00:00+02:00,WILQ SQLite;canonical content ledger;dev execution readback;dev sitemap inventory,/kategorie-bazy-wiedzy/przepisy-prawa,https://ekologus.dev.proudsite.pl/kategorie-bazy-wiedzy/przepisy-prawa,,taxonomy_or_system,noindex,not_required,none,,,,not_required,,audit_only_no_content,,,false,non_survivor_noindex,execute_noindex_policy
current_state,content_status_214_v1,2026-09-10T12:00:00+02:00,WILQ SQLite;canonical content ledger;dev execution readback;dev sitemap inventory,/kategorie-bazy-wiedzy/rekultywacja,https://ekologus.dev.proudsite.pl/kategorie-bazy-wiedzy/rekultywacja,,taxonomy_or_system,noindex,not_required,none,,,,not_required,,audit_only_no_content,,,false,non_survivor_noindex,execute_noindex_policy
current_state,content_status_214_v1,2026-09-10T12:00:00+02:00,WILQ SQLite;canonical content ledger;dev execution readback;dev sitemap inventory,/kategorie-bazy-wiedzy/sorbenty,https://ekologus.dev.proudsite.pl/kategorie-bazy-wiedzy/sorbenty,,taxonomy_or_system,noindex,not_required,none,,,,not_required,,audit_only_no_content,,,false,non_survivor_noindex,execute_noindex_policy
current_state,content_status_214_v1,2026-09-10T12:00:00+02:00,WILQ SQLite;canonical content ledger;dev execution readback;dev sitemap inventory,/kategorie-bazy-wiedzy/szkolenia-i-rozwoj,https://ekologus.dev.proudsite.pl/kategorie-bazy-wiedzy/szkolenia-i-rozwoj,,taxonomy_or_system,noindex,not_required,none,,,,not_required,,audit_only_no_content,,,false,non_survivor_noindex,execute_noindex_policy
current_state,content_status_214_v1,2026-09-10T12:00:00+02:00,WILQ SQLite;canonical content ledger;dev execution readback;dev sitemap inventory,/kategorie-bazy-wiedzy/wydarzenia,https://ekologus.dev.proudsite.pl/kategorie-bazy-wiedzy/wydarzenia,,taxonomy_or_system,noindex,not_required,none,,,,not_required,,audit_only_no_content,,,false,non_survivor_noindex,execute_noindex_policy
current_state,content_status_214_v1,2026-09-10T12:00:00+02:00,WILQ SQLite;canonical content ledger;dev execution readback;dev sitemap inventory,/kiedy-niezbedne-jest-posiadanie-pozwolenia-wodnoprawnego,https://ekologus.dev.proudsite.pl/kiedy-niezbedne-jest-posiadanie-pozwolenia-wodnoprawnego,post,editorial,noindex,not_required,historical,content_revision_3b422f2029284ceaa2a4b0f52a7f763b,e7540199a2d542fc18de7544a0dba7d96597ded1d9bf94200c959620467e6696,needs_changes,not_required,,audit_only_no_content,,,false,non_survivor_noindex,execute_noindex_policy
current_state,content_status_214_v1,2026-09-10T12:00:00+02:00,WILQ SQLite;canonical content ledger;dev execution readback;dev sitemap inventory,/kip-w-praktyce-inwestycyjnej-najczestsze-bledy-i-ich-konsekwencje,https://ekologus.dev.proudsite.pl/kip-w-praktyce-inwestycyjnej-najczestsze-bledy-i-ich-konsekwencje,post,editorial,keep,written_approved,current,content_revision_b19dcd1c79ae4a6abb00777b3ad795dc,9e1c6ae81471aa9da0994d6135cc8ce78f9de6bd6def26b19d231bc4a0c206dc,approved,zero_findings,,candidate_blocked,,,false,cta_target_verification_required;internal_link_verification_required;owner_review_required;page_asset_owner_review_required;seo_meta_owner_mapping_missing;source_claim_review_required;target_mapping_confirmation_required;target_mapping_observation_only;unknown_service_card;update_only_readback_contract_missing,confirm_exact_target_mapping
current_state,content_status_214_v1,2026-09-10T12:00:00+02:00,WILQ SQLite;canonical content ledger;dev execution readback;dev sitemap inventory,/kompetencje-przyszlosci-w-ochronie-srodowiska-dlaczego-warto-inwestowac-w-szkolenia,https://ekologus.dev.proudsite.pl/kompetencje-przyszlosci-w-ochronie-srodowiska-dlaczego-warto-inwestowac-w-szkolenia,post,editorial,keep,not_written,none,,,,not_generated,,candidate_blocked,,,false,content_flag_guarantee;content_flag_historic_date;cta_target_verification_required;current_revision_missing;current_work_item_missing;gsc_query_metric_context_absent;internal_link_verification_required;no_exact_gsc_page_facts;owner_review_required;page_asset_owner_review_required;seo_meta_owner_mapping_missing;source_claim_review_required;target_mapping_confirmation_required;target_mapping_observation_only;update_only_readback_contract_missing,prepare_evidence_bound_revision
current_state,content_status_214_v1,2026-09-10T12:00:00+02:00,WILQ SQLite;canonical content ledger;dev execution readback;dev sitemap inventory,/kontakt,https://ekologus.dev.proudsite.pl/kontakt,page,landing_or_hub,keep,not_written,none,,,,not_generated,,candidate_blocked,,,false,acf_mapping_observation_only;content_flag_guarantee;cta_target_verification_required;current_revision_missing;internal_link_verification_required;owner_review_required;page_asset_owner_review_required;product_sales_scope_review_required;seo_meta_owner_mapping_missing;source_claim_review_required;target_mapping_confirmation_required;target_mapping_observation_only;unknown_service_card;update_only_readback_contract_missing,prepare_evidence_bound_revision
current_state,content_status_214_v1,2026-09-10T12:00:00+02:00,WILQ SQLite;canonical content ledger;dev execution readback;dev sitemap inventory,/kto-powinien-wnosic-oplaty-za-korzystanie-ze-srodowiska-i-skladac-informacje,https://ekologus.dev.proudsite.pl/kto-powinien-wnosic-oplaty-za-korzystanie-ze-srodowiska-i-skladac-informacje,post,editorial,noindex,not_required,none,,,,not_required,,audit_only_no_content,,,false,non_survivor_noindex,execute_noindex_policy
current_state,content_status_214_v1,2026-09-10T12:00:00+02:00,WILQ SQLite;canonical content ledger;dev execution readback;dev sitemap inventory,/magazynowanie-odpadow-skladowanie,https://ekologus.dev.proudsite.pl/magazynowanie-odpadow-skladowanie,post,editorial,noindex,not_required,none,,,,not_required,,audit_only_no_content,,,false,non_survivor_noindex,execute_noindex_policy
current_state,content_status_214_v1,2026-09-10T12:00:00+02:00,WILQ SQLite;canonical content ledger;dev execution readback;dev sitemap inventory,/magazynowanie-odpadow-wg-nowych-przepisow,https://ekologus.dev.proudsite.pl/magazynowanie-odpadow-wg-nowych-przepisow,post,editorial,noindex,not_required,historical,content_revision_52a9046e09224f569fff9a6201d5bc3b,c034c13218a79c24ac6e7a3a2d85e0d6259152d3f4d59eba813631f0292da8af,approved,not_required,,audit_only_no_content,,,false,non_survivor_noindex,execute_noindex_policy
current_state,content_status_214_v1,2026-09-10T12:00:00+02:00,WILQ SQLite;canonical content ledger;dev execution readback;dev sitemap inventory,/model-systemu-zarzadzania-energia-wg-iso-500012011,https://ekologus.dev.proudsite.pl/model-systemu-zarzadzania-energia-wg-iso-500012011,post,editorial,noindex,not_required,historical,content_revision_78513cf1e9ca4cee98a1dc68c75f1d2a,eb54fc2dfc094deedec07aa0859880e53accd70829935ca28e9b77374c2b80d5,,not_required,,audit_only_no_content,,,false,non_survivor_noindex,execute_noindex_policy
current_state,content_status_214_v1,2026-09-10T12:00:00+02:00,WILQ SQLite;canonical content ledger;dev execution readback;dev sitemap inventory,/na-jakie-wymogi-prawne-zwiazane-ze-srodowiskiem-przygotowac-sie-w-2026,https://ekologus.dev.proudsite.pl/na-jakie-wymogi-prawne-zwiazane-ze-srodowiskiem-przygotowac-sie-w-2026,post,editorial,keep,not_written,none,,,,not_generated,,candidate_blocked,,,false,content_flag_guarantee;content_flag_historic_date;content_flag_product_scope;cta_target_verification_required;current_revision_missing;current_work_item_missing;gsc_query_metric_context_absent;internal_link_verification_required;no_exact_gsc_page_facts;owner_review_required;page_asset_owner_review_required;seo_meta_owner_mapping_missing;source_claim_review_required;target_mapping_confirmation_required;target_mapping_observation_only;update_only_readback_contract_missing,prepare_evidence_bound_revision
current_state,content_status_214_v1,2026-09-10T12:00:00+02:00,WILQ SQLite;canonical content ledger;dev execution readback;dev sitemap inventory,/nabor-na-projekty-goz-mazowsze,https://ekologus.dev.proudsite.pl/nabor-na-projekty-goz-mazowsze,post,editorial,noindex,not_required,none,,,,not_required,,audit_only_no_content,,,false,non_survivor_noindex,execute_noindex_policy
current_state,content_status_214_v1,2026-09-10T12:00:00+02:00,WILQ SQLite;canonical content ledger;dev execution readback;dev sitemap inventory,/nagroda-eko-innowator-2024-dla-ekologus,https://ekologus.dev.proudsite.pl/nagroda-eko-innowator-2024-dla-ekologus,post,editorial,keep,not_written,none,,,,not_generated,,candidate_blocked,,,false,content_flag_historic_date;cta_target_verification_required;current_revision_missing;current_work_item_missing;gsc_query_metric_context_absent;internal_link_verification_required;no_exact_gsc_page_facts;owner_review_required;page_asset_owner_review_required;seo_meta_owner_mapping_missing;source_claim_review_required;target_mapping_confirmation_required;target_mapping_observation_only;update_only_readback_contract_missing,prepare_evidence_bound_revision
current_state,content_status_214_v1,2026-09-10T12:00:00+02:00,WILQ SQLite;canonical content ledger;dev execution readback;dev sitemap inventory,/najistotniejsze-zmiany-prawne-w-ustawie-o-udostepnianiu-informacji-o-srodowisku-i-jego-ochronie-udziale-spoleczenstwa-w-ochronie-srodowiska-oraz-o-ocenach-oddzialywania-na-srodowisko,https://ekologus.dev.proudsite.pl/najistotniejsze-zmiany-prawne-w-ustawie-o-udostepnianiu-informacji-o-srodowisku-i-jego-ochronie-udziale-spoleczenstwa-w-ochronie-srodowiska-oraz-o-ocenach-oddzialywania-na-srodowisko,post,editorial,noindex,not_required,none,,,,not_required,,audit_only_no_content,,,false,non_survivor_noindex,execute_noindex_policy
current_state,content_status_214_v1,2026-09-10T12:00:00+02:00,WILQ SQLite;canonical content ledger;dev execution readback;dev sitemap inventory,/nie-zapomnij-o-pozwoleniu-zintegrowanym,https://ekologus.dev.proudsite.pl/nie-zapomnij-o-pozwoleniu-zintegrowanym,post,editorial,noindex,not_required,none,,,,not_required,,audit_only_no_content,,,false,non_survivor_noindex,execute_noindex_policy
current_state,content_status_214_v1,2026-09-10T12:00:00+02:00,WILQ SQLite;canonical content ledger;dev execution readback;dev sitemap inventory,/nota-prawna,https://ekologus.dev.proudsite.pl/nota-prawna,page,landing_or_hub,keep,not_written,none,,,,not_generated,,candidate_blocked,,,false,content_flag_guarantee;content_flag_historic_date;content_flag_product_scope;cta_target_verification_required;current_revision_missing;current_work_item_missing;gsc_query_metric_context_absent;internal_link_verification_required;no_exact_gsc_page_facts;owner_review_required;page_asset_owner_review_required;seo_meta_owner_mapping_missing;source_claim_review_required;target_mapping_confirmation_required;target_mapping_observation_only;update_only_readback_contract_missing,prepare_evidence_bound_revision
current_state,content_status_214_v1,2026-09-10T12:00:00+02:00,WILQ SQLite;canonical content ledger;dev execution readback;dev sitemap inventory,/nowe-inwestycje-w-przedsiebiorstwie-brak-wspolpracy-sluzb-ds-rozwoju-ze-sluzbami-ochrony-srodowiska,https://ekologus.dev.proudsite.pl/nowe-inwestycje-w-przedsiebiorstwie-brak-wspolpracy-sluzb-ds-rozwoju-ze-sluzbami-ochrony-srodowiska,post,editorial,keep,not_written,none,,,,not_generated,,candidate_blocked,,,false,content_flag_historic_date;cta_target_verification_required;current_revision_missing;current_work_item_missing;gsc_query_metric_context_absent;internal_link_verification_required;no_exact_gsc_page_facts;owner_review_required;page_asset_owner_review_required;seo_meta_owner_mapping_missing;source_claim_review_required;target_mapping_confirmation_required;target_mapping_observation_only;update_only_readback_contract_missing,prepare_evidence_bound_revision
current_state,content_status_214_v1,2026-09-10T12:00:00+02:00,WILQ SQLite;canonical content ledger;dev execution readback;dev sitemap inventory,/nowe-obowiazki-ied-dla-instalacji-ippc,https://ekologus.dev.proudsite.pl/nowe-obowiazki-ied-dla-instalacji-ippc,post,editorial,noindex,not_required,none,,,,not_required,,audit_only_no_content,,,false,non_survivor_noindex,execute_noindex_policy
current_state,content_status_214_v1,2026-09-10T12:00:00+02:00,WILQ SQLite;canonical content ledger;dev execution readback;dev sitemap inventory,/nowe-rozporzadzenia-do-ustawy-o-odpadach-ze-szczegolnym-uwzglednieniem-przepisow-dotyczacych-magazynowania-odpadow,https://ekologus.dev.proudsite.pl/nowe-rozporzadzenia-do-ustawy-o-odpadach-ze-szczegolnym-uwzglednieniem-przepisow-dotyczacych-magazynowania-odpadow,post,editorial,noindex,not_required,none,,,,not_required,,audit_only_no_content,,,false,non_survivor_noindex,execute_noindex_policy
current_state,content_status_214_v1,2026-09-10T12:00:00+02:00,WILQ SQLite;canonical content ledger;dev execution readback;dev sitemap inventory,/nowe-zasady-ustalania-oplat-za-uslugi-wodne,https://ekologus.dev.proudsite.pl/nowe-zasady-ustalania-oplat-za-uslugi-wodne,post,editorial,noindex,not_required,none,,,,not_required,,audit_only_no_content,,,false,non_survivor_noindex,execute_noindex_policy
current_state,content_status_214_v1,2026-09-10T12:00:00+02:00,WILQ SQLite;canonical content ledger;dev execution readback;dev sitemap inventory,/nowy-system-zarzadzania-odpadami-komunalnymi-w-polsce-dobrodziejstwo-czy-problemy,https://ekologus.dev.proudsite.pl/nowy-system-zarzadzania-odpadami-komunalnymi-w-polsce-dobrodziejstwo-czy-problemy,post,editorial,noindex,not_required,none,,,,not_required,,audit_only_no_content,,,false,non_survivor_noindex,execute_noindex_policy
current_state,content_status_214_v1,2026-09-10T12:00:00+02:00,WILQ SQLite;canonical content ledger;dev execution readback;dev sitemap inventory,/o-firmie,https://ekologus.dev.proudsite.pl/o-firmie,page,landing_or_hub,keep,not_written,none,,,,not_generated,,candidate_blocked,,,false,acf_mapping_observation_only;content_flag_guarantee;cta_target_verification_required;current_revision_missing;gsc_query_metric_context_absent;internal_link_verification_required;no_exact_gsc_page_facts;owner_review_required;page_asset_owner_review_required;seo_meta_owner_mapping_missing;source_claim_review_required;target_mapping_confirmation_required;target_mapping_observation_only;unknown_service_card;update_only_readback_contract_missing,prepare_evidence_bound_revision
current_state,content_status_214_v1,2026-09-10T12:00:00+02:00,WILQ SQLite;canonical content ledger;dev execution readback;dev sitemap inventory,/o-firmie/kariera,https://ekologus.dev.proudsite.pl/o-firmie/kariera,page,landing_or_hub,keep,not_written,none,,,,not_generated,,candidate_blocked,,,false,acf_mapping_observation_only;cta_target_verification_required;current_revision_missing;gsc_query_metric_context_absent;internal_link_verification_required;no_exact_gsc_page_facts;owner_review_required;page_asset_owner_review_required;seo_meta_owner_mapping_missing;source_claim_review_required;target_mapping_confirmation_required;target_mapping_observation_only;unknown_service_card;update_only_readback_contract_missing,prepare_evidence_bound_revision
current_state,content_status_214_v1,2026-09-10T12:00:00+02:00,WILQ SQLite;canonical content ledger;dev execution readback;dev sitemap inventory,/obowiazki-finansowe-i-srodowiskowe-w-czerwcu-kluczowe-terminy-dla-przedsiebiorcow,https://ekologus.dev.proudsite.pl/obowiazki-finansowe-i-srodowiskowe-w-czerwcu-kluczowe-terminy-dla-przedsiebiorcow,post,editorial,noindex,not_required,none,,,,not_required,,audit_only_no_content,,,false,non_survivor_noindex,execute_noindex_policy
current_state,content_status_214_v1,2026-09-10T12:00:00+02:00,WILQ SQLite;canonical content ledger;dev execution readback;dev sitemap inventory,/obowiazki-pomiarowe-instalacji-wymagajacej-pozwolenia-zintegrowanego-tzw-instalacji-ippc-emisje-pylow-i-gazow-halas-oraz-badania-gleby-ziemi-i-wod-gruntowych,https://ekologus.dev.proudsite.pl/obowiazki-pomiarowe-instalacji-wymagajacej-pozwolenia-zintegrowanego-tzw-instalacji-ippc-emisje-pylow-i-gazow-halas-oraz-badania-gleby-ziemi-i-wod-gruntowych,post,editorial,keep,written_approved,current,content_revision_70852774c1d646df859e4a7e52e173c9,80d1931e2fffac5e2f2cea9d373f4ce5ad55bd81fd3c929e6edeb45e3200ff14,approved,zero_findings,,dev_draft_verified,wordpress_draft_handoff_content_work_item_content_decision_https___www_ekologus_pl_obowiazki_pomiarowe_instalacji_wymagajacej_pozwolenia_zi_content_revision_70852774c1d646df859e4a7e52e173c9,1995,false,,confirm_exact_target_mapping
current_state,content_status_214_v1,2026-09-10T12:00:00+02:00,WILQ SQLite;canonical content ledger;dev execution readback;dev sitemap inventory,/obowiazki-przedsiebiorcow-prowadzacych-skladowiska-odpadow-w-swietle-obowiazujacych-przepisow,https://ekologus.dev.proudsite.pl/obowiazki-przedsiebiorcow-prowadzacych-skladowiska-odpadow-w-swietle-obowiazujacych-przepisow,post,editorial,noindex,not_required,none,,,,not_required,,audit_only_no_content,,,false,non_survivor_noindex,execute_noindex_policy
current_state,content_status_214_v1,2026-09-10T12:00:00+02:00,WILQ SQLite;canonical content ledger;dev execution readback;dev sitemap inventory,/obowiazki-przedsiebiorstw-w-zakresie-rozporzadzenia-reach-i-clp-ze-szczegolnym-uwzglednieniem-zmian-w-kartach-charakterystyki,https://ekologus.dev.proudsite.pl/obowiazki-przedsiebiorstw-w-zakresie-rozporzadzenia-reach-i-clp-ze-szczegolnym-uwzglednieniem-zmian-w-kartach-charakterystyki,post,editorial,keep,written_approved,current,content_revision_e5b3a97596c342c1bdf6004d176a6675,c054ab403ec94177bde7f9615242a0653f1013d5110eb53bbd72d40302136d3a,approved,unavailable,confirmed_the_content,blocked_review_and_target_unavailable,,,false,semantic_review_work_item_unavailable;target_unavailable,restore_gated_work_item_then_semantic_review_and_dev_readback
current_state,content_status_214_v1,2026-09-10T12:00:00+02:00,WILQ SQLite;canonical content ledger;dev execution readback;dev sitemap inventory,/obowiazkowe-pomiary-stezenia-radonu-co-powinien-wiedziec-pracodawca,https://ekologus.dev.proudsite.pl/obowiazkowe-pomiary-stezenia-radonu-co-powinien-wiedziec-pracodawca,post,editorial,noindex,not_required,none,,,,not_required,,audit_only_no_content,,,false,non_survivor_noindex,execute_noindex_policy
current_state,content_status_214_v1,2026-09-10T12:00:00+02:00,WILQ SQLite;canonical content ledger;dev execution readback;dev sitemap inventory,/obszary-dzialania/doradztwo-ekologiczne,https://ekologus.dev.proudsite.pl/obszary-dzialania/doradztwo-ekologiczne,,taxonomy_or_system,noindex,not_required,none,,,,not_required,,audit_only_no_content,,,false,non_survivor_noindex,execute_noindex_policy
current_state,content_status_214_v1,2026-09-10T12:00:00+02:00,WILQ SQLite;canonical content ledger;dev execution readback;dev sitemap inventory,/obszary-dzialania/gospodarka-wodno-sciekowa,https://ekologus.dev.proudsite.pl/obszary-dzialania/gospodarka-wodno-sciekowa,,taxonomy_or_system,remove,not_required,none,,,,not_required,,audit_only_no_content,,,false,non_survivor_remove,execute_remove_policy
current_state,content_status_214_v1,2026-09-10T12:00:00+02:00,WILQ SQLite;canonical content ledger;dev execution readback;dev sitemap inventory,/ocena-wplywu-projektow-na-srodowisko,https://ekologus.dev.proudsite.pl/ocena-wplywu-projektow-na-srodowisko,post,editorial,keep,written_approved,current,content_revision_fefc92d17dca4d5eaad590c3104eb260,56dd164a80b76cd3d4a9973a043b4e890feede22e1bfed343c54d4da5fa0f724,approved,zero_findings,,candidate_blocked,,,false,content_flag_guarantee;cta_target_verification_required;current_context_rebase_required;internal_link_verification_required;owner_review_required;page_asset_owner_review_required;runtime_revision_historical_plan;seo_meta_owner_mapping_missing;source_claim_review_required;target_mapping_confirmation_required;target_mapping_observation_only;unknown_service_card;update_only_readback_contract_missing,confirm_exact_target_mapping
current_state,content_status_214_v1,2026-09-10T12:00:00+02:00,WILQ SQLite;canonical content ledger;dev execution readback;dev sitemap inventory,/ochrona-srodowiska-w-procesie-inwestycyjnym-z-uwzglednieniem-zmian-prawnych-dotyczacych-ocen-oddzialywania-na-srodowisko,https://ekologus.dev.proudsite.pl/ochrona-srodowiska-w-procesie-inwestycyjnym-z-uwzglednieniem-zmian-prawnych-dotyczacych-ocen-oddzialywania-na-srodowisko,post,editorial,noindex,not_required,none,,,,not_required,,audit_only_no_content,,,false,non_survivor_noindex,execute_noindex_policy
current_state,content_status_214_v1,2026-09-10T12:00:00+02:00,WILQ SQLite;canonical content ledger;dev execution readback;dev sitemap inventory,/odeszla-wyjatkowa-osoba-wybitny-ekspert-ekologusa-pani-elzbieta-chrobak,https://ekologus.dev.proudsite.pl/odeszla-wyjatkowa-osoba-wybitny-ekspert-ekologusa-pani-elzbieta-chrobak,post,editorial,noindex,not_required,none,,,,not_required,,audit_only_no_content,,,false,non_survivor_noindex,execute_noindex_policy
current_state,content_status_214_v1,2026-09-10T12:00:00+02:00,WILQ SQLite;canonical content ledger;dev execution readback;dev sitemap inventory,/odpowiedz-eksperta-dodatkowa-etykieta-na-pustych-pojemnikach-kod-odpadu-15-01-10,https://ekologus.dev.proudsite.pl/odpowiedz-eksperta-dodatkowa-etykieta-na-pustych-pojemnikach-kod-odpadu-15-01-10,post,editorial,noindex,not_required,none,,,,not_required,,audit_only_no_content,,,false,non_survivor_noindex,execute_noindex_policy
current_state,content_status_214_v1,2026-09-10T12:00:00+02:00,WILQ SQLite;canonical content ledger;dev execution readback;dev sitemap inventory,/odpowiedz-eksperta-oplaty-za-uslugi-wodne-za-odprowadzanie-wod-opadowych-i-zmniejszenie-naturalnej-retencji,https://ekologus.dev.proudsite.pl/odpowiedz-eksperta-oplaty-za-uslugi-wodne-za-odprowadzanie-wod-opadowych-i-zmniejszenie-naturalnej-retencji,post,editorial,noindex,not_required,none,,,,not_required,,audit_only_no_content,,,false,non_survivor_noindex,execute_noindex_policy
current_state,content_status_214_v1,2026-09-10T12:00:00+02:00,WILQ SQLite;canonical content ledger;dev execution readback;dev sitemap inventory,/odpowiedz-eksperta-z-zakresu-prawa-wodnego,https://ekologus.dev.proudsite.pl/odpowiedz-eksperta-z-zakresu-prawa-wodnego,post,editorial,noindex,not_required,none,,,,not_required,,audit_only_no_content,,,false,non_survivor_noindex,execute_noindex_policy
current_state,content_status_214_v1,2026-09-10T12:00:00+02:00,WILQ SQLite;canonical content ledger;dev execution readback;dev sitemap inventory,/odpowiedzialnosc-prawna-pracodawcy-za-bhp-i-ochrone-srodowiska,https://ekologus.dev.proudsite.pl/odpowiedzialnosc-prawna-pracodawcy-za-bhp-i-ochrone-srodowiska,post,editorial,keep,not_written,none,,,,not_generated,,candidate_blocked,,,false,content_flag_guarantee;cta_target_verification_required;current_revision_missing;current_work_item_missing;gsc_query_metric_context_absent;internal_link_verification_required;no_exact_gsc_page_facts;owner_review_required;page_asset_owner_review_required;seo_meta_owner_mapping_missing;source_claim_review_required;target_mapping_confirmation_required;target_mapping_observation_only;update_only_readback_contract_missing,prepare_evidence_bound_revision
current_state,content_status_214_v1,2026-09-10T12:00:00+02:00,WILQ SQLite;canonical content ledger;dev execution readback;dev sitemap inventory,/oferta,https://ekologus.dev.proudsite.pl/oferta,,service,noindex,not_required,none,,,,not_required,,audit_only_no_content,,,false,non_survivor_noindex,execute_noindex_policy
current_state,content_status_214_v1,2026-09-10T12:00:00+02:00,WILQ SQLite;canonical content ledger;dev execution readback;dev sitemap inventory,/oferta/audyty-systemow-zarzadzania,https://ekologus.dev.proudsite.pl/oferta/audyty-systemow-zarzadzania,uslugi,service,keep,not_written,none,,,,not_generated,,candidate_blocked,,,false,acf_mapping_observation_only;content_flag_guarantee;cta_target_verification_required;current_revision_missing;internal_link_verification_required;owner_review_required;page_asset_owner_review_required;seo_meta_owner_mapping_missing;source_claim_review_required;target_mapping_confirmation_required;target_mapping_observation_only;unknown_service_card;update_only_readback_contract_missing,prepare_evidence_bound_revision
current_state,content_status_214_v1,2026-09-10T12:00:00+02:00,WILQ SQLite;canonical content ledger;dev execution readback;dev sitemap inventory,/oferta/audyty-systemow-zarzadzania/przeglad-spelniania-wymagan-srodowiskowych,https://ekologus.dev.proudsite.pl/oferta/audyty-systemow-zarzadzania/przeglad-spelniania-wymagan-srodowiskowych,uslugi,service,redirect,not_required,none,,,,not_required,,audit_only_no_content,,,false,non_survivor_redirect,execute_redirect_policy
current_state,content_status_214_v1,2026-09-10T12:00:00+02:00,WILQ SQLite;canonical content ledger;dev execution readback;dev sitemap inventory,/oferta/bhp-i-p-poz,https://ekologus.dev.proudsite.pl/oferta/bhp-i-p-poz,uslugi,service,keep,not_written,historical,content_revision_79bd2e75f0a1443cacda72877b584976,0fd05dbd4317fa1f04b0cdee61e20031088909f012de9c1419340551a5d6c123,,not_generated,,candidate_blocked,,,false,acf_mapping_observation_only;content_flag_guarantee;cta_target_verification_required;current_context_rebase_required;current_revision_missing;historical_revision_not_reusable;internal_link_verification_required;owner_review_required;page_asset_owner_review_required;refresh_preparation_service_unavailable;runtime_revision_historical_plan;seo_meta_owner_mapping_missing;service_binding_missing;source_claim_review_required;source_pack_work_item_binding_unverified;target_mapping_confirmation_required;target_mapping_observation_only;typed_target_context_absent;unknown_service_card;update_only_readback_contract_missing;work_item_identity_fork,complete_approved_service_card_lineage_then_refresh_preparation
current_state,content_status_214_v1,2026-09-10T12:00:00+02:00,WILQ SQLite;canonical content ledger;dev execution readback;dev sitemap inventory,/oferta/bhp-i-p-poz/bezpieczenstwo-zakladu-ekspertyzy-i-szkolenia-bhp-ppoz,https://ekologus.dev.proudsite.pl/oferta/bhp-i-p-poz/bezpieczenstwo-zakladu-ekspertyzy-i-szkolenia-bhp-ppoz,uslugi,service,redirect,not_required,none,,,,not_required,,audit_only_no_content,,,false,non_survivor_redirect,execute_redirect_policy
current_state,content_status_214_v1,2026-09-10T12:00:00+02:00,WILQ SQLite;canonical content ledger;dev execution readback;dev sitemap inventory,/oferta/bhp-i-p-poz/outsourcing-srodowiskowy-stala-obsluga,https://ekologus.dev.proudsite.pl/oferta/bhp-i-p-poz/outsourcing-srodowiskowy-stala-obsluga,uslugi,service,redirect,not_required,none,,,,not_required,,audit_only_no_content,,,false,non_survivor_redirect,execute_redirect_policy
current_state,content_status_214_v1,2026-09-10T12:00:00+02:00,WILQ SQLite;canonical content ledger;dev execution readback;dev sitemap inventory,/oferta/bhp-i-p-poz/sprawozdawczosc-srodowiskowa,https://ekologus.dev.proudsite.pl/oferta/bhp-i-p-poz/sprawozdawczosc-srodowiskowa,uslugi,service,redirect,not_required,none,,,,not_required,,audit_only_no_content,,,false,non_survivor_redirect,execute_redirect_policy
current_state,content_status_214_v1,2026-09-10T12:00:00+02:00,WILQ SQLite;canonical content ledger;dev execution readback;dev sitemap inventory,/oferta/bhp-i-p-poz/sprzedaz-sorbentow-zestawow-awaryjnych-produktow-do-zachowania-porzadku-i-bezpieczenstwa-na-zakladzie,https://ekologus.dev.proudsite.pl/oferta/bhp-i-p-poz/sprzedaz-sorbentow-zestawow-awaryjnych-produktow-do-zachowania-porzadku-i-bezpieczenstwa-na-zakladzie,uslugi,service,redirect,not_required,none,,,,not_required,,audit_only_no_content,,,false,non_survivor_redirect,execute_redirect_policy
current_state,content_status_214_v1,2026-09-10T12:00:00+02:00,WILQ SQLite;canonical content ledger;dev execution readback;dev sitemap inventory,/oferta/doradztwo-i-outsourcing-ekologiczny,https://ekologus.dev.proudsite.pl/oferta/doradztwo-i-outsourcing-ekologiczny,uslugi,service,keep,written_approved,current,content_revision_44983ceffcce4bc2969c8a35b56599a3,b69f600103d3112bce76f08d6592af9338f956673333982dfa091eac0fb92539,approved,zero_findings,acf_mapping_blocked,acf_mapping_blocked,,,false,acf_mapping_blocked,confirm_exact_target_mapping
current_state,content_status_214_v1,2026-09-10T12:00:00+02:00,WILQ SQLite;canonical content ledger;dev execution readback;dev sitemap inventory,/oferta/doradztwo-i-outsourcing-ekologiczny/doradztwo-w-procesie-inwestycyjnym,https://ekologus.dev.proudsite.pl/oferta/doradztwo-i-outsourcing-ekologiczny/doradztwo-w-procesie-inwestycyjnym,uslugi,service,redirect,not_required,none,,,,not_required,,audit_only_no_content,,,false,non_survivor_redirect,execute_redirect_policy
current_state,content_status_214_v1,2026-09-10T12:00:00+02:00,WILQ SQLite;canonical content ledger;dev execution readback;dev sitemap inventory,/oferta/doradztwo-i-outsourcing-ekologiczny/doradztwo-w-przypadku-stwierdzenia-szkody-w-srodowisku,https://ekologus.dev.proudsite.pl/oferta/doradztwo-i-outsourcing-ekologiczny/doradztwo-w-przypadku-stwierdzenia-szkody-w-srodowisku,uslugi,service,redirect,not_required,none,,,,not_required,,audit_only_no_content,,,false,non_survivor_redirect,execute_redirect_policy
current_state,content_status_214_v1,2026-09-10T12:00:00+02:00,WILQ SQLite;canonical content ledger;dev execution readback;dev sitemap inventory,/oferta/doradztwo-i-outsourcing-ekologiczny/konsultacje-eksperckie-w-zakresie-prawa-ochrony-srodowiska,https://ekologus.dev.proudsite.pl/oferta/doradztwo-i-outsourcing-ekologiczny/konsultacje-eksperckie-w-zakresie-prawa-ochrony-srodowiska,uslugi,service,redirect,not_required,none,,,,not_required,,audit_only_no_content,,,false,non_survivor_redirect,execute_redirect_policy
current_state,content_status_214_v1,2026-09-10T12:00:00+02:00,WILQ SQLite;canonical content ledger;dev execution readback;dev sitemap inventory,/oferta/oferta-pomiary-emisji,https://ekologus.dev.proudsite.pl/oferta/oferta-pomiary-emisji,uslugi,service,noindex,not_required,none,,,,not_required,,audit_only_no_content,,,false,non_survivor_noindex,execute_noindex_policy
current_state,content_status_214_v1,2026-09-10T12:00:00+02:00,WILQ SQLite;canonical content ledger;dev execution readback;dev sitemap inventory,/oferta/opracowania-dokumentacji-ekspertyz,https://ekologus.dev.proudsite.pl/oferta/opracowania-dokumentacji-ekspertyz,uslugi,service,keep,written_approved,current,content_revision_59b7b2943d71428192a6f1e8f164a0af,4a0168f26e42148a169a4b396a53f1491bb288acc760041905872bb831539f94,approved,zero_findings,ready_for_human_mapping_all_components,ready_for_human_mapping_all_components,,,false,ready_for_human_mapping_all_components,confirm_exact_target_mapping
current_state,content_status_214_v1,2026-09-10T12:00:00+02:00,WILQ SQLite;canonical content ledger;dev execution readback;dev sitemap inventory,/oferta/opracowania-dokumentacji-ekspertyz/dokumentacje-do-procesu-inwestycyjnego-doradztwo-i-ekspertyzy,https://ekologus.dev.proudsite.pl/oferta/opracowania-dokumentacji-ekspertyz/dokumentacje-do-procesu-inwestycyjnego-doradztwo-i-ekspertyzy,uslugi,service,redirect,not_required,none,,,,not_required,,audit_only_no_content,,,false,non_survivor_redirect,execute_redirect_policy
current_state,content_status_214_v1,2026-09-10T12:00:00+02:00,WILQ SQLite;canonical content ledger;dev execution readback;dev sitemap inventory,/oferta/opracowania-dokumentacji-ekspertyz/dokumentacje-do-procesu-inwestycyjnego-doradztwo-i-ekspertyzy/analiza-jakosci-gruntu-pod-nowe-inwestycje,https://ekologus.dev.proudsite.pl/oferta/opracowania-dokumentacji-ekspertyz/dokumentacje-do-procesu-inwestycyjnego-doradztwo-i-ekspertyzy/analiza-jakosci-gruntu-pod-nowe-inwestycje,uslugi,service,redirect,not_required,none,,,,not_required,,audit_only_no_content,,,false,non_survivor_redirect,execute_redirect_policy
current_state,content_status_214_v1,2026-09-10T12:00:00+02:00,WILQ SQLite;canonical content ledger;dev execution readback;dev sitemap inventory,/oferta/opracowania-dokumentacji-ekspertyz/dokumentacje-do-procesu-inwestycyjnego-doradztwo-i-ekspertyzy/ekspertyza-inwestycyjna-konsultacje-opracowanie-harmonogramu-dzialan-inwestycyjnych-od-strony-wymagan-prawa-ochrony-srodowiska,https://ekologus.dev.proudsite.pl/oferta/opracowania-dokumentacji-ekspertyz/dokumentacje-do-procesu-inwestycyjnego-doradztwo-i-ekspertyzy/ekspertyza-inwestycyjna-konsultacje-opracowanie-harmonogramu-dzialan-inwestycyjnych-od-strony-wymagan-prawa-ochrony-srodowiska,uslugi,service,redirect,not_required,none,,,,not_required,,audit_only_no_content,,,false,non_survivor_redirect,execute_redirect_policy
current_state,content_status_214_v1,2026-09-10T12:00:00+02:00,WILQ SQLite;canonical content ledger;dev execution readback;dev sitemap inventory,/oferta/opracowania-dokumentacji-ekspertyz/dokumentacje-do-procesu-inwestycyjnego-doradztwo-i-ekspertyzy/karta-informacyjna-przedsiewziecia,https://ekologus.dev.proudsite.pl/oferta/opracowania-dokumentacji-ekspertyz/dokumentacje-do-procesu-inwestycyjnego-doradztwo-i-ekspertyzy/karta-informacyjna-przedsiewziecia,uslugi,service,redirect,not_required,none,,,,not_required,,audit_only_no_content,,,false,non_survivor_redirect,execute_redirect_policy
current_state,content_status_214_v1,2026-09-10T12:00:00+02:00,WILQ SQLite;canonical content ledger;dev execution readback;dev sitemap inventory,/oferta/opracowania-dokumentacji-ekspertyz/dokumentacje-do-procesu-inwestycyjnego-doradztwo-i-ekspertyzy/raport-oceny-oddzialywania-na-srodowisko-ros-lub-karta-informacyjna-przedsiewziecia-kip,https://ekologus.dev.proudsite.pl/oferta/opracowania-dokumentacji-ekspertyz/dokumentacje-do-procesu-inwestycyjnego-doradztwo-i-ekspertyzy/raport-oceny-oddzialywania-na-srodowisko-ros-lub-karta-informacyjna-przedsiewziecia-kip,uslugi,service,redirect,not_required,none,,,,not_required,,audit_only_no_content,,,false,non_survivor_redirect,execute_redirect_policy
current_state,content_status_214_v1,2026-09-10T12:00:00+02:00,WILQ SQLite;canonical content ledger;dev execution readback;dev sitemap inventory,/oferta/opracowania-dokumentacji-ekspertyz/dokumentacje-srodowiskowe,https://ekologus.dev.proudsite.pl/oferta/opracowania-dokumentacji-ekspertyz/dokumentacje-srodowiskowe,uslugi,service,redirect,not_required,none,,,,not_required,,audit_only_no_content,,,false,non_survivor_redirect,execute_redirect_policy
current_state,content_status_214_v1,2026-09-10T12:00:00+02:00,WILQ SQLite;canonical content ledger;dev execution readback;dev sitemap inventory,/oferta/opracowania-dokumentacji-ekspertyz/dokumentacje-srodowiskowe/inne-dokumentacje-specjalistyczne,https://ekologus.dev.proudsite.pl/oferta/opracowania-dokumentacji-ekspertyz/dokumentacje-srodowiskowe/inne-dokumentacje-specjalistyczne,uslugi,service,redirect,not_required,none,,,,not_required,,audit_only_no_content,,,false,non_survivor_redirect,execute_redirect_policy
current_state,content_status_214_v1,2026-09-10T12:00:00+02:00,WILQ SQLite;canonical content ledger;dev execution readback;dev sitemap inventory,/oferta/opracowania-dokumentacji-ekspertyz/dokumentacje-srodowiskowe/odpadowe,https://ekologus.dev.proudsite.pl/oferta/opracowania-dokumentacji-ekspertyz/dokumentacje-srodowiskowe/odpadowe,uslugi,service,redirect,not_required,none,,,,not_required,,audit_only_no_content,,,false,non_survivor_redirect,execute_redirect_policy
current_state,content_status_214_v1,2026-09-10T12:00:00+02:00,WILQ SQLite;canonical content ledger;dev execution readback;dev sitemap inventory,/oferta/opracowania-dokumentacji-ekspertyz/dokumentacje-srodowiskowe/pozwolenie-na-wytwarzanie-odpadow,https://ekologus.dev.proudsite.pl/oferta/opracowania-dokumentacji-ekspertyz/dokumentacje-srodowiskowe/pozwolenie-na-wytwarzanie-odpadow,uslugi,service,redirect,not_required,none,,,,not_required,,audit_only_no_content,,,false,non_survivor_redirect,execute_redirect_policy
current_state,content_status_214_v1,2026-09-10T12:00:00+02:00,WILQ SQLite;canonical content ledger;dev execution readback;dev sitemap inventory,/oferta/opracowania-dokumentacji-ekspertyz/dokumentacje-srodowiskowe/wodno-sciekowe,https://ekologus.dev.proudsite.pl/oferta/opracowania-dokumentacji-ekspertyz/dokumentacje-srodowiskowe/wodno-sciekowe,uslugi,service,redirect,not_required,none,,,,not_required,,audit_only_no_content,,,false,non_survivor_redirect,execute_redirect_policy
current_state,content_status_214_v1,2026-09-10T12:00:00+02:00,WILQ SQLite;canonical content ledger;dev execution readback;dev sitemap inventory,/oferta/opracowania-dokumentacji-ekspertyz/pozwolenia-zintegrowane,https://ekologus.dev.proudsite.pl/oferta/opracowania-dokumentacji-ekspertyz/pozwolenia-zintegrowane,uslugi,service,redirect,not_required,none,,,,not_required,,audit_only_no_content,,,false,non_survivor_redirect,execute_redirect_policy
current_state,content_status_214_v1,2026-09-10T12:00:00+02:00,WILQ SQLite;canonical content ledger;dev execution readback;dev sitemap inventory,/oferta/opracowania-dokumentacji-ekspertyz/pozwolenia-zintegrowane/konkluzje-bat,https://ekologus.dev.proudsite.pl/oferta/opracowania-dokumentacji-ekspertyz/pozwolenia-zintegrowane/konkluzje-bat,uslugi,service,redirect,not_required,none,,,,not_required,,audit_only_no_content,,,false,non_survivor_redirect,execute_redirect_policy
current_state,content_status_214_v1,2026-09-10T12:00:00+02:00,WILQ SQLite;canonical content ledger;dev execution readback;dev sitemap inventory,/oferta/opracowania-dokumentacji-ekspertyz/pozwolenia-zintegrowane/nowe-wnioski-lub-aktualizacja-obecnych,https://ekologus.dev.proudsite.pl/oferta/opracowania-dokumentacji-ekspertyz/pozwolenia-zintegrowane/nowe-wnioski-lub-aktualizacja-obecnych,uslugi,service,redirect,not_required,none,,,,not_required,,audit_only_no_content,,,false,non_survivor_redirect,execute_redirect_policy
current_state,content_status_214_v1,2026-09-10T12:00:00+02:00,WILQ SQLite;canonical content ledger;dev execution readback;dev sitemap inventory,/oferta/opracowania-dokumentacji-ekspertyz/pozwolenia-zintegrowane/raport-poczatkowy-koncowy,https://ekologus.dev.proudsite.pl/oferta/opracowania-dokumentacji-ekspertyz/pozwolenia-zintegrowane/raport-poczatkowy-koncowy,uslugi,service,redirect,not_required,none,,,,not_required,,audit_only_no_content,,,false,non_survivor_redirect,execute_redirect_policy
current_state,content_status_214_v1,2026-09-10T12:00:00+02:00,WILQ SQLite;canonical content ledger;dev execution readback;dev sitemap inventory,/oferta/pomiary-i-analizy,https://ekologus.dev.proudsite.pl/oferta/pomiary-i-analizy,uslugi,service,keep,written_approved,current,content_revision_b57d9fce7e39406d897b86d13082a971,0d15b42ae07f5f081c34eb56a3bd70ba425b5094f7c349e278ba1c0414d9a182,approved,zero_findings,acf_mapping_blocked,acf_mapping_blocked,,,false,acf_mapping_blocked,confirm_exact_target_mapping
current_state,content_status_214_v1,2026-09-10T12:00:00+02:00,WILQ SQLite;canonical content ledger;dev execution readback;dev sitemap inventory,/oferta/rekultywacje-i-remediacje,https://ekologus.dev.proudsite.pl/oferta/rekultywacje-i-remediacje,uslugi,service,keep,not_written,historical,content_revision_0b58c2d82a35407ca559b35e9f173e36,8bf782c89ab95c4e4409f4c4fb322fb296bacbb54b1d58c438b6708a9422b926,,not_generated,,candidate_blocked,,,false,acf_mapping_observation_only;cta_target_verification_required;current_work_item_missing;gsc_query_metric_context_absent;historical_revision_not_reusable;internal_link_verification_required;no_exact_gsc_page_facts;owner_review_required;page_asset_owner_review_required;seo_meta_owner_mapping_missing;source_claim_review_required;target_mapping_confirmation_required;target_mapping_observation_only;update_only_readback_contract_missing,repair_identity_and_prepare_current_service_bound_revision
current_state,content_status_214_v1,2026-09-10T12:00:00+02:00,WILQ SQLite;canonical content ledger;dev execution readback;dev sitemap inventory,/oferta/rekultywacje-i-remediacje/analiza-jakosci-gruntu-pod-inwestycje,https://ekologus.dev.proudsite.pl/oferta/rekultywacje-i-remediacje/analiza-jakosci-gruntu-pod-inwestycje,uslugi,service,redirect,not_required,none,,,,not_required,,audit_only_no_content,,,false,non_survivor_redirect,execute_redirect_policy
current_state,content_status_214_v1,2026-09-10T12:00:00+02:00,WILQ SQLite;canonical content ledger;dev execution readback;dev sitemap inventory,/oferta/rekultywacje-i-remediacje/monitoring-gruntu-oraz-wod-podziemnych-po-szkodzie-po-decyzji-badania-kontrolne,https://ekologus.dev.proudsite.pl/oferta/rekultywacje-i-remediacje/monitoring-gruntu-oraz-wod-podziemnych-po-szkodzie-po-decyzji-badania-kontrolne,uslugi,service,redirect,not_required,none,,,,not_required,,audit_only_no_content,,,false,non_survivor_redirect,execute_redirect_policy
current_state,content_status_214_v1,2026-09-10T12:00:00+02:00,WILQ SQLite;canonical content ledger;dev execution readback;dev sitemap inventory,/oferta/rekultywacje-i-remediacje/nadzor-ekspercki-nad-realizacja-remediacji-in-situ-ex-situ,https://ekologus.dev.proudsite.pl/oferta/rekultywacje-i-remediacje/nadzor-ekspercki-nad-realizacja-remediacji-in-situ-ex-situ,uslugi,service,redirect,not_required,none,,,,not_required,,audit_only_no_content,,,false,non_survivor_redirect,execute_redirect_policy
current_state,content_status_214_v1,2026-09-10T12:00:00+02:00,WILQ SQLite;canonical content ledger;dev execution readback;dev sitemap inventory,/oferta/rekultywacje-i-remediacje/ocena-zagrozenia-dla-czlowieka-i-srodowiska,https://ekologus.dev.proudsite.pl/oferta/rekultywacje-i-remediacje/ocena-zagrozenia-dla-czlowieka-i-srodowiska,uslugi,service,redirect,not_required,none,,,,not_required,,audit_only_no_content,,,false,non_survivor_redirect,execute_redirect_policy
current_state,content_status_214_v1,2026-09-10T12:00:00+02:00,WILQ SQLite;canonical content ledger;dev execution readback;dev sitemap inventory,/oferta/rekultywacje-i-remediacje/projekt-planu-remediacji,https://ekologus.dev.proudsite.pl/oferta/rekultywacje-i-remediacje/projekt-planu-remediacji,uslugi,service,redirect,not_required,none,,,,not_required,,audit_only_no_content,,,false,non_survivor_redirect,execute_redirect_policy
current_state,content_status_214_v1,2026-09-10T12:00:00+02:00,WILQ SQLite;canonical content ledger;dev execution readback;dev sitemap inventory,/oferta/rekultywacje-i-remediacje/raport-poczatkowy-koncowy-remediacje-monitoring-gruntow-i-wod-podziemnych,https://ekologus.dev.proudsite.pl/oferta/rekultywacje-i-remediacje/raport-poczatkowy-koncowy-remediacje-monitoring-gruntow-i-wod-podziemnych,uslugi,service,redirect,not_required,none,,,,not_required,,audit_only_no_content,,,false,non_survivor_redirect,execute_redirect_policy
current_state,content_status_214_v1,2026-09-10T12:00:00+02:00,WILQ SQLite;canonical content ledger;dev execution readback;dev sitemap inventory,/oferta/sprzedaz-sorbentow,https://ekologus.dev.proudsite.pl/oferta/sprzedaz-sorbentow,uslugi,service,redirect,not_required,none,,,,not_required,,audit_only_no_content,,,false,non_survivor_redirect,execute_redirect_policy
current_state,content_status_214_v1,2026-09-10T12:00:00+02:00,WILQ SQLite;canonical content ledger;dev execution readback;dev sitemap inventory,/oferta/szkolenia,https://ekologus.dev.proudsite.pl/oferta/szkolenia,uslugi,service,keep,written_approved,current,content_revision_b82d35c35ef64ece8ef1b84296562953,3dfab18a2d292bd653c7fca320739592c7193123c75b77270667ba0c5b47ed50,approved,zero_findings,blocked_acf_write_profile_unavailable,blocked_acf_write_profile_unavailable,,,false,blocked_acf_write_profile_unavailable,confirm_exact_target_mapping
current_state,content_status_214_v1,2026-09-10T12:00:00+02:00,WILQ SQLite;canonical content ledger;dev execution readback;dev sitemap inventory,/oferta/szkolenia/remediacje-i-monitoring-gruntow-i-wod-podziemnych,https://ekologus.dev.proudsite.pl/oferta/szkolenia/remediacje-i-monitoring-gruntow-i-wod-podziemnych,uslugi,service,redirect,not_required,none,,,,not_required,,audit_only_no_content,,,false,non_survivor_redirect,execute_redirect_policy
current_state,content_status_214_v1,2026-09-10T12:00:00+02:00,WILQ SQLite;canonical content ledger;dev execution readback;dev sitemap inventory,/oferta/szkolenia/remediacje-i-monitoring-gruntow-i-wod-podziemnych/sprawozdanie-do-rdos,https://ekologus.dev.proudsite.pl/oferta/szkolenia/remediacje-i-monitoring-gruntow-i-wod-podziemnych/sprawozdanie-do-rdos,uslugi,service,redirect,not_required,none,,,,not_required,,audit_only_no_content,,,false,non_survivor_redirect,execute_redirect_policy
current_state,content_status_214_v1,2026-09-10T12:00:00+02:00,WILQ SQLite;canonical content ledger;dev execution readback;dev sitemap inventory,/oferta/szkolenia/szkolenia-instruktazowe,https://ekologus.dev.proudsite.pl/oferta/szkolenia/szkolenia-instruktazowe,uslugi,service,redirect,not_required,none,,,,not_required,,audit_only_no_content,,,false,non_survivor_redirect,execute_redirect_policy
current_state,content_status_214_v1,2026-09-10T12:00:00+02:00,WILQ SQLite;canonical content ledger;dev execution readback;dev sitemap inventory,/oferta/szkolenia/szkolenia-instruktazowe/postepowanie-na-wypadek-awarii,https://ekologus.dev.proudsite.pl/oferta/szkolenia/szkolenia-instruktazowe/postepowanie-na-wypadek-awarii,uslugi,service,redirect,not_required,none,,,,not_required,,audit_only_no_content,,,false,non_survivor_redirect,execute_redirect_policy
current_state,content_status_214_v1,2026-09-10T12:00:00+02:00,WILQ SQLite;canonical content ledger;dev execution readback;dev sitemap inventory,/oferta/szkolenia/szkolenia-instruktazowe/szkolenia-bhp,https://ekologus.dev.proudsite.pl/oferta/szkolenia/szkolenia-instruktazowe/szkolenia-bhp,uslugi,service,redirect,not_required,none,,,,not_required,,audit_only_no_content,,,false,non_survivor_redirect,execute_redirect_policy
current_state,content_status_214_v1,2026-09-10T12:00:00+02:00,WILQ SQLite;canonical content ledger;dev execution readback;dev sitemap inventory,/oferta/szkolenia/szkolenia-instruktazowe/szkolenia-ppoz,https://ekologus.dev.proudsite.pl/oferta/szkolenia/szkolenia-instruktazowe/szkolenia-ppoz,uslugi,service,redirect,not_required,none,,,,not_required,,audit_only_no_content,,,false,non_survivor_redirect,execute_redirect_policy
current_state,content_status_214_v1,2026-09-10T12:00:00+02:00,WILQ SQLite;canonical content ledger;dev execution readback;dev sitemap inventory,/oferta/szkolenia/szkolenia-instruktazowe/zastosowanie-zestawow-awaryjnych,https://ekologus.dev.proudsite.pl/oferta/szkolenia/szkolenia-instruktazowe/zastosowanie-zestawow-awaryjnych,uslugi,service,redirect,not_required,none,,,,not_required,,audit_only_no_content,,,false,non_survivor_redirect,execute_redirect_policy
current_state,content_status_214_v1,2026-09-10T12:00:00+02:00,WILQ SQLite;canonical content ledger;dev execution readback;dev sitemap inventory,/oferta/szkolenia/szkolenia-otwarte,https://ekologus.dev.proudsite.pl/oferta/szkolenia/szkolenia-otwarte,uslugi,service,redirect,not_required,none,,,,not_required,,audit_only_no_content,,,false,non_survivor_redirect,execute_redirect_policy
current_state,content_status_214_v1,2026-09-10T12:00:00+02:00,WILQ SQLite;canonical content ledger;dev execution readback;dev sitemap inventory,/oferta/szkolenia/szkolenia-zamkniete,https://ekologus.dev.proudsite.pl/oferta/szkolenia/szkolenia-zamkniete,uslugi,service,redirect,not_required,none,,,,not_required,,audit_only_no_content,,,false,non_survivor_redirect,execute_redirect_policy
current_state,content_status_214_v1,2026-09-10T12:00:00+02:00,WILQ SQLite;canonical content ledger;dev execution readback;dev sitemap inventory,/oferta/zrownowazony-rozwoj,https://ekologus.dev.proudsite.pl/oferta/zrownowazony-rozwoj,uslugi,service,redirect,not_required,none,,,,not_required,,audit_only_no_content,,,false,non_survivor_redirect,execute_redirect_policy
current_state,content_status_214_v1,2026-09-10T12:00:00+02:00,WILQ SQLite;canonical content ledger;dev execution readback;dev sitemap inventory,/oferta/zrownowazony-rozwoj/analiza-inwestycji-w-kierunku-zrownowazonego-rozwoju,https://ekologus.dev.proudsite.pl/oferta/zrownowazony-rozwoj/analiza-inwestycji-w-kierunku-zrownowazonego-rozwoju,uslugi,service,redirect,not_required,none,,,,not_required,,audit_only_no_content,,,false,non_survivor_redirect,execute_redirect_policy
current_state,content_status_214_v1,2026-09-10T12:00:00+02:00,WILQ SQLite;canonical content ledger;dev execution readback;dev sitemap inventory,/oferta/zrownowazony-rozwoj/cebam,https://ekologus.dev.proudsite.pl/oferta/zrownowazony-rozwoj/cebam,uslugi,service,redirect,not_required,none,,,,not_required,,audit_only_no_content,,,false,non_survivor_redirect,execute_redirect_policy
current_state,content_status_214_v1,2026-09-10T12:00:00+02:00,WILQ SQLite;canonical content ledger;dev execution readback;dev sitemap inventory,/oferta/zrownowazony-rozwoj/raportowanie-esg,https://ekologus.dev.proudsite.pl/oferta/zrownowazony-rozwoj/raportowanie-esg,uslugi,service,redirect,not_required,none,,,,not_required,,audit_only_no_content,,,false,non_survivor_redirect,execute_redirect_policy
current_state,content_status_214_v1,2026-09-10T12:00:00+02:00,WILQ SQLite;canonical content ledger;dev execution readback;dev sitemap inventory,/oferta/zrownowazony-rozwoj/slad-weglowy,https://ekologus.dev.proudsite.pl/oferta/zrownowazony-rozwoj/slad-weglowy,uslugi,service,redirect,not_required,none,,,,not_required,,audit_only_no_content,,,false,non_survivor_redirect,execute_redirect_policy
current_state,content_status_214_v1,2026-09-10T12:00:00+02:00,WILQ SQLite;canonical content ledger;dev execution readback;dev sitemap inventory,/oferta/zrownowazony-rozwoj/transformacja-goz,https://ekologus.dev.proudsite.pl/oferta/zrownowazony-rozwoj/transformacja-goz,uslugi,service,redirect,not_required,none,,,,not_required,,audit_only_no_content,,,false,non_survivor_redirect,execute_redirect_policy
current_state,content_status_214_v1,2026-09-10T12:00:00+02:00,WILQ SQLite;canonical content ledger;dev execution readback;dev sitemap inventory,/operat-wodnoprawny-wszystko-co-musisz-wiedziec,https://ekologus.dev.proudsite.pl/operat-wodnoprawny-wszystko-co-musisz-wiedziec,post,editorial,keep,written_approved,current,content_revision_d7ee17450f3d4bc480c0437839494bf7,58bdb5859224478e8c8b9afeaf43e8b9769787bf9addb5f92f9e50e7c44eabf7,approved,zero_findings,,dev_draft_verified,wordpress_draft_handoff_content_work_item_content_decision_https___www_ekologus_pl_operat_wodnoprawny_wszystko_co_musisz_wiedziec_content_revision_d7ee17450f3d4bc480c0437839494bf7,1992,false,,confirm_exact_target_mapping
current_state,content_status_214_v1,2026-09-10T12:00:00+02:00,WILQ SQLite;canonical content ledger;dev execution readback;dev sitemap inventory,/operaty-przeciwpozarowe-nowe-wymagania-dla-przedsiebiorcow,https://ekologus.dev.proudsite.pl/operaty-przeciwpozarowe-nowe-wymagania-dla-przedsiebiorcow,post,editorial,noindex,not_required,none,,,,not_required,,audit_only_no_content,,,false,non_survivor_noindex,execute_noindex_policy
current_state,content_status_214_v1,2026-09-10T12:00:00+02:00,WILQ SQLite;canonical content ledger;dev execution readback;dev sitemap inventory,/oplata-srodowiskowa-za-srodki-dezynfekcyjne,https://ekologus.dev.proudsite.pl/oplata-srodowiskowa-za-srodki-dezynfekcyjne,post,editorial,noindex,not_required,none,,,,not_required,,audit_only_no_content,,,false,non_survivor_noindex,execute_noindex_policy
current_state,content_status_214_v1,2026-09-10T12:00:00+02:00,WILQ SQLite;canonical content ledger;dev execution readback;dev sitemap inventory,/oplaty-za-gospodarcze-korzystanie-ze-srodowiska,https://ekologus.dev.proudsite.pl/oplaty-za-gospodarcze-korzystanie-ze-srodowiska,post,editorial,noindex,not_required,none,,,,not_required,,audit_only_no_content,,,false,non_survivor_noindex,execute_noindex_policy
current_state,content_status_214_v1,2026-09-10T12:00:00+02:00,WILQ SQLite;canonical content ledger;dev execution readback;dev sitemap inventory,/oplaty-za-korzystanie-ze-srodowiska-w-2018-r-nowy-wzor-wykazu-do-naliczania-oplat,https://ekologus.dev.proudsite.pl/oplaty-za-korzystanie-ze-srodowiska-w-2018-r-nowy-wzor-wykazu-do-naliczania-oplat,post,editorial,noindex,not_required,none,,,,not_required,,audit_only_no_content,,,false,non_survivor_noindex,execute_noindex_policy
current_state,content_status_214_v1,2026-09-10T12:00:00+02:00,WILQ SQLite;canonical content ledger;dev execution readback;dev sitemap inventory,/ostatni-dzwonek-przygotuj-swoja-firme-na-wyzwania-eudr,https://ekologus.dev.proudsite.pl/ostatni-dzwonek-przygotuj-swoja-firme-na-wyzwania-eudr,post,editorial,noindex,not_required,none,,,,not_required,,audit_only_no_content,,,false,non_survivor_noindex,execute_noindex_policy
current_state,content_status_214_v1,2026-09-10T12:00:00+02:00,WILQ SQLite;canonical content ledger;dev execution readback;dev sitemap inventory,/ostatni-miesiac-na-uzupelnienia-w-bdo-zadbaj-juz-teraz-o-swoja-ewidencje-i-sprawozdawczosc-za-2022r,https://ekologus.dev.proudsite.pl/ostatni-miesiac-na-uzupelnienia-w-bdo-zadbaj-juz-teraz-o-swoja-ewidencje-i-sprawozdawczosc-za-2022r,post,editorial,noindex,not_required,none,,,,not_required,,audit_only_no_content,,,false,non_survivor_noindex,execute_noindex_policy
current_state,content_status_214_v1,2026-09-10T12:00:00+02:00,WILQ SQLite;canonical content ledger;dev execution readback;dev sitemap inventory,/outsourcing-srodowiskowy-elastyczne-rozwiazanie-dla-twojej-firmy,https://ekologus.dev.proudsite.pl/outsourcing-srodowiskowy-elastyczne-rozwiazanie-dla-twojej-firmy,post,editorial,keep,not_written,none,,,,not_generated,,candidate_blocked,,,false,content_flag_guarantee;cta_target_verification_required;current_revision_missing;current_work_item_missing;internal_link_verification_required;owner_review_required;page_asset_owner_review_required;seo_meta_owner_mapping_missing;source_claim_review_required;target_mapping_confirmation_required;target_mapping_observation_only;update_only_readback_contract_missing,prepare_evidence_bound_revision
current_state,content_status_214_v1,2026-09-10T12:00:00+02:00,WILQ SQLite;canonical content ledger;dev execution readback;dev sitemap inventory,/partnerzy/zaufali-nam-1,https://ekologus.dev.proudsite.pl/partnerzy/zaufali-nam-1,,taxonomy_or_system,remove,not_required,none,,,,not_required,,audit_only_no_content,,,false,non_survivor_remove,execute_remove_policy
current_state,content_status_214_v1,2026-09-10T12:00:00+02:00,WILQ SQLite;canonical content ledger;dev execution readback;dev sitemap inventory,/partnerzy/zaufali-nam-2,https://ekologus.dev.proudsite.pl/partnerzy/zaufali-nam-2,,taxonomy_or_system,remove,not_required,none,,,,not_required,,audit_only_no_content,,,false,non_survivor_remove,execute_remove_policy
current_state,content_status_214_v1,2026-09-10T12:00:00+02:00,WILQ SQLite;canonical content ledger;dev execution readback;dev sitemap inventory,/partnerzy/zaufali-nam-3,https://ekologus.dev.proudsite.pl/partnerzy/zaufali-nam-3,,taxonomy_or_system,remove,not_required,none,,,,not_required,,audit_only_no_content,,,false,non_survivor_remove,execute_remove_policy
current_state,content_status_214_v1,2026-09-10T12:00:00+02:00,WILQ SQLite;canonical content ledger;dev execution readback;dev sitemap inventory,/partnerzy/zaufali-nam-4,https://ekologus.dev.proudsite.pl/partnerzy/zaufali-nam-4,,taxonomy_or_system,remove,not_required,none,,,,not_required,,audit_only_no_content,,,false,non_survivor_remove,execute_remove_policy
current_state,content_status_214_v1,2026-09-10T12:00:00+02:00,WILQ SQLite;canonical content ledger;dev execution readback;dev sitemap inventory,/planowane-zmiany-w-ustawie-oos-warto-wczesniej-przygotowac-inwestycje-do-uzyskania-dsu,https://ekologus.dev.proudsite.pl/planowane-zmiany-w-ustawie-oos-warto-wczesniej-przygotowac-inwestycje-do-uzyskania-dsu,post,editorial,noindex,not_required,none,,,,not_required,,audit_only_no_content,,,false,non_survivor_noindex,execute_noindex_policy
current_state,content_status_214_v1,2026-09-10T12:00:00+02:00,WILQ SQLite;canonical content ledger;dev execution readback;dev sitemap inventory,/planowanie-i-zarzadzanie-strategiczne-latwiej-zaplanowac-trudniej-wdrozyc,https://ekologus.dev.proudsite.pl/planowanie-i-zarzadzanie-strategiczne-latwiej-zaplanowac-trudniej-wdrozyc,post,editorial,keep,not_written,none,,,,not_generated,,candidate_blocked,,,false,content_flag_guarantee;content_flag_product_scope;cta_target_verification_required;current_revision_missing;current_work_item_missing;gsc_query_metric_context_absent;internal_link_verification_required;no_exact_gsc_page_facts;owner_review_required;page_asset_owner_review_required;seo_meta_owner_mapping_missing;source_claim_review_required;target_mapping_confirmation_required;target_mapping_observation_only;update_only_readback_contract_missing,prepare_evidence_bound_revision
current_state,content_status_214_v1,2026-09-10T12:00:00+02:00,WILQ SQLite;canonical content ledger;dev execution readback;dev sitemap inventory,/planujesz-nowa-inwestycje-produkcyjna-sprawdz-srodowisko-i-inne-wymagania-zanim-zlecisz-projekt-budowlany,https://ekologus.dev.proudsite.pl/planujesz-nowa-inwestycje-produkcyjna-sprawdz-srodowisko-i-inne-wymagania-zanim-zlecisz-projekt-budowlany,post,editorial,keep,not_written,none,,,,not_generated,,candidate_blocked,,,false,content_flag_historic_date;cta_target_verification_required;current_revision_missing;current_work_item_missing;internal_link_verification_required;owner_review_required;page_asset_owner_review_required;seo_meta_owner_mapping_missing;source_claim_review_required;target_mapping_confirmation_required;target_mapping_observation_only;update_only_readback_contract_missing,prepare_evidence_bound_revision
current_state,content_status_214_v1,2026-09-10T12:00:00+02:00,WILQ SQLite;canonical content ledger;dev execution readback;dev sitemap inventory,/podsumowanie-spotkania-dla-eko-logusowych-kobiet,https://ekologus.dev.proudsite.pl/podsumowanie-spotkania-dla-eko-logusowych-kobiet,post,editorial,noindex,not_required,none,,,,not_required,,audit_only_no_content,,,false,non_survivor_noindex,execute_noindex_policy
current_state,content_status_214_v1,2026-09-10T12:00:00+02:00,WILQ SQLite;canonical content ledger;dev execution readback;dev sitemap inventory,/podsumowanie-tegorocznego-spotkania-eko-kobiet,https://ekologus.dev.proudsite.pl/podsumowanie-tegorocznego-spotkania-eko-kobiet,post,editorial,noindex,not_required,none,,,,not_required,,audit_only_no_content,,,false,non_survivor_noindex,execute_noindex_policy
current_state,content_status_214_v1,2026-09-10T12:00:00+02:00,WILQ SQLite;canonical content ledger;dev execution readback;dev sitemap inventory,/podsumowanie-webinaru-dlaczego-warto-poukladac-procesy-oraz-kwestie-srodowiskowe-w-swojej-firmie,https://ekologus.dev.proudsite.pl/podsumowanie-webinaru-dlaczego-warto-poukladac-procesy-oraz-kwestie-srodowiskowe-w-swojej-firmie,post,editorial,keep,not_written,none,,,,not_generated,,candidate_blocked,,,false,content_flag_historic_date;content_flag_product_scope;cta_target_verification_required;current_revision_missing;current_work_item_missing;gsc_query_metric_context_absent;internal_link_verification_required;no_exact_gsc_page_facts;owner_review_required;page_asset_owner_review_required;seo_meta_owner_mapping_missing;source_claim_review_required;target_mapping_confirmation_required;target_mapping_observation_only;update_only_readback_contract_missing,prepare_evidence_bound_revision
current_state,content_status_214_v1,2026-09-10T12:00:00+02:00,WILQ SQLite;canonical content ledger;dev execution readback;dev sitemap inventory,/podsumowanie-webinaru-dobre-praktyki-oznaczania-miejsc-magazynowania-odpadow-poziomu-odzysku-i-recyklingu-jak-poprawnie-go-wyliczyc,https://ekologus.dev.proudsite.pl/podsumowanie-webinaru-dobre-praktyki-oznaczania-miejsc-magazynowania-odpadow-poziomu-odzysku-i-recyklingu-jak-poprawnie-go-wyliczyc,post,editorial,noindex,not_required,none,,,,not_required,,audit_only_no_content,,,false,non_survivor_noindex,execute_noindex_policy
current_state,content_status_214_v1,2026-09-10T12:00:00+02:00,WILQ SQLite;canonical content ledger;dev execution readback;dev sitemap inventory,/podsumowanie-webinaru-kogo-dotyczy-europejski-zielony-lad-srodki-na-innowacje-dla-msp-w-2022,https://ekologus.dev.proudsite.pl/podsumowanie-webinaru-kogo-dotyczy-europejski-zielony-lad-srodki-na-innowacje-dla-msp-w-2022,post,editorial,noindex,not_required,none,,,,not_required,,audit_only_no_content,,,false,non_survivor_noindex,execute_noindex_policy
current_state,content_status_214_v1,2026-09-10T12:00:00+02:00,WILQ SQLite;canonical content ledger;dev execution readback;dev sitemap inventory,/poszukujemy-do-wspolpracy-ekspertow,https://ekologus.dev.proudsite.pl/poszukujemy-do-wspolpracy-ekspertow,post,editorial,noindex,not_required,none,,,,not_required,,audit_only_no_content,,,false,non_survivor_noindex,execute_noindex_policy
current_state,content_status_214_v1,2026-09-10T12:00:00+02:00,WILQ SQLite;canonical content ledger;dev execution readback;dev sitemap inventory,/poznaj-najnowsza-oferte-uslug-eksperckich,https://ekologus.dev.proudsite.pl/poznaj-najnowsza-oferte-uslug-eksperckich,post,editorial,noindex,not_required,none,,,,not_required,,audit_only_no_content,,,false,non_survivor_noindex,execute_noindex_policy
current_state,content_status_214_v1,2026-09-10T12:00:00+02:00,WILQ SQLite;canonical content ledger;dev execution readback;dev sitemap inventory,/pozwolenie-zintegrowane-magazynowanie-odpadow-niebezpiecznych,https://ekologus.dev.proudsite.pl/pozwolenie-zintegrowane-magazynowanie-odpadow-niebezpiecznych,post,editorial,noindex,not_required,none,,,,not_required,,audit_only_no_content,,,false,non_survivor_noindex,execute_noindex_policy
current_state,content_status_214_v1,2026-09-10T12:00:00+02:00,WILQ SQLite;canonical content ledger;dev execution readback;dev sitemap inventory,/pozwolenie-zintegrowane-wymagania-i-procedury-ippc,https://ekologus.dev.proudsite.pl/pozwolenie-zintegrowane-wymagania-i-procedury-ippc,post,editorial,keep,not_written,none,,,,not_generated,,candidate_blocked,,,false,content_flag_historic_date;cta_target_verification_required;current_revision_missing;current_work_item_missing;internal_link_verification_required;owner_review_required;page_asset_owner_review_required;seo_meta_owner_mapping_missing;target_mapping_confirmation_required;target_mapping_observation_only;update_only_readback_contract_missing,repair_current_work_item_identity
current_state,content_status_214_v1,2026-09-10T12:00:00+02:00,WILQ SQLite;canonical content ledger;dev execution readback;dev sitemap inventory,/prawo-wodne-po-nowemu-kluczowe-zmiany-od-lipca-2017,https://ekologus.dev.proudsite.pl/prawo-wodne-po-nowemu-kluczowe-zmiany-od-lipca-2017,post,editorial,noindex,not_required,none,,,,not_required,,audit_only_no_content,,,false,non_survivor_noindex,execute_noindex_policy
current_state,content_status_214_v1,2026-09-10T12:00:00+02:00,WILQ SQLite;canonical content ledger;dev execution readback;dev sitemap inventory,/prawo-zamowien-publicznych-w-praktyce-bledy-w-opisie-przedmiotu-zamowienia-a-kary-umowne,https://ekologus.dev.proudsite.pl/prawo-zamowien-publicznych-w-praktyce-bledy-w-opisie-przedmiotu-zamowienia-a-kary-umowne,post,editorial,noindex,not_required,none,,,,not_required,,audit_only_no_content,,,false,non_survivor_noindex,execute_noindex_policy
current_state,content_status_214_v1,2026-09-10T12:00:00+02:00,WILQ SQLite;canonical content ledger;dev execution readback;dev sitemap inventory,/prezydent-podpisal-nowelizacje-ustawy-prawo-ochrony-srodowiska,https://ekologus.dev.proudsite.pl/prezydent-podpisal-nowelizacje-ustawy-prawo-ochrony-srodowiska,post,editorial,noindex,not_required,none,,,,not_required,,audit_only_no_content,,,false,non_survivor_noindex,execute_noindex_policy
current_state,content_status_214_v1,2026-09-10T12:00:00+02:00,WILQ SQLite;canonical content ledger;dev execution readback;dev sitemap inventory,/proces-inwestycyjny-w-przedsiewzieciu-budowlanym,https://ekologus.dev.proudsite.pl/proces-inwestycyjny-w-przedsiewzieciu-budowlanym,post,editorial,keep,written_approved,current,content_revision_6f893ef55cab4594aa821abac29eacbc,5938a326dc94eaf325ef2a50d8a3a91af9c55dbe02c6e42d84a04da46c4f5ced,approved,zero_findings,,dev_draft_verified,wordpress_draft_handoff_content_work_item_content_decision_https___www_ekologus_pl_proces_inwestycyjny_w_przedsiewzieciu_budowlanym_content_revision_6f893ef55cab4594aa821abac29eacbc,1990,false,,confirm_exact_target_mapping
current_state,content_status_214_v1,2026-09-10T12:00:00+02:00,WILQ SQLite;canonical content ledger;dev execution readback;dev sitemap inventory,/przesuniecie-terminow-w-zakresie-sprawozdawczosci-w-bdo,https://ekologus.dev.proudsite.pl/przesuniecie-terminow-w-zakresie-sprawozdawczosci-w-bdo,post,editorial,noindex,not_required,none,,,,not_required,,audit_only_no_content,,,false,non_survivor_noindex,execute_noindex_policy
current_state,content_status_214_v1,2026-09-10T12:00:00+02:00,WILQ SQLite;canonical content ledger;dev execution readback;dev sitemap inventory,/przygotowanie-do-sprawozdawczosci-srodowiskowej-2024-bdo-kobize-oplaty-srodowiskowe,https://ekologus.dev.proudsite.pl/przygotowanie-do-sprawozdawczosci-srodowiskowej-2024-bdo-kobize-oplaty-srodowiskowe,post,editorial,noindex,not_required,none,,,,not_required,,audit_only_no_content,,,false,non_survivor_noindex,execute_noindex_policy
current_state,content_status_214_v1,2026-09-10T12:00:00+02:00,WILQ SQLite;canonical content ledger;dev execution readback;dev sitemap inventory,/publikacja-konkluzji-bat-dla-branzy-duzych-obiektow-energetycznego-spalania-paliw,https://ekologus.dev.proudsite.pl/publikacja-konkluzji-bat-dla-branzy-duzych-obiektow-energetycznego-spalania-paliw,post,editorial,noindex,not_required,none,,,,not_required,,audit_only_no_content,,,false,non_survivor_noindex,execute_noindex_policy
current_state,content_status_214_v1,2026-09-10T12:00:00+02:00,WILQ SQLite;canonical content ledger;dev execution readback;dev sitemap inventory,/raport-poczatkowy-i-raport-koncowy,https://ekologus.dev.proudsite.pl/raport-poczatkowy-i-raport-koncowy,post,editorial,keep,written_approved,current,content_revision_eaa195dc62f84ef2932cc0cfc2c86523,946bad7a2996e2a34d974e73e6ad460981951974b3db66ff2cef401c302af664,approved,zero_findings,,dev_draft_verified,wordpress_draft_handoff_content_work_item_content_decision_https___www_ekologus_pl_raport_poczatkowy_i_raport_koncowy_content_revision_eaa195dc62f84ef2932cc0cfc2c86523,1996,false,,confirm_exact_target_mapping
current_state,content_status_214_v1,2026-09-10T12:00:00+02:00,WILQ SQLite;canonical content ledger;dev execution readback;dev sitemap inventory,/remediacja-czym-jest-na-czym-polega-kiedy-jest-wymagana,https://ekologus.dev.proudsite.pl/remediacja-czym-jest-na-czym-polega-kiedy-jest-wymagana,post,editorial,keep,not_written,none,,,,not_generated,,candidate_blocked,,,false,cta_target_verification_required;current_revision_missing;current_work_item_missing;internal_link_verification_required;owner_review_required;page_asset_owner_review_required;seo_meta_owner_mapping_missing;source_claim_review_required;target_mapping_confirmation_required;target_mapping_observation_only;update_only_readback_contract_missing,prepare_evidence_bound_revision
current_state,content_status_214_v1,2026-09-10T12:00:00+02:00,WILQ SQLite;canonical content ledger;dev execution readback;dev sitemap inventory,/rewolucja-w-decyzjach-o-warunkach-zabudowy-co-zmienia-sie-od-2026,https://ekologus.dev.proudsite.pl/rewolucja-w-decyzjach-o-warunkach-zabudowy-co-zmienia-sie-od-2026,post,editorial,keep,not_written,none,,,,not_generated,,candidate_blocked,,,false,content_flag_guarantee;cta_target_verification_required;current_revision_missing;current_work_item_missing;gsc_query_metric_context_absent;internal_link_verification_required;no_exact_gsc_page_facts;owner_review_required;page_asset_owner_review_required;seo_meta_owner_mapping_missing;source_claim_review_required;target_mapping_confirmation_required;target_mapping_observation_only;update_only_readback_contract_missing,prepare_evidence_bound_revision
current_state,content_status_214_v1,2026-09-10T12:00:00+02:00,WILQ SQLite;canonical content ledger;dev execution readback;dev sitemap inventory,/rewolucje-prawne-w-odpadach-2018-2,https://ekologus.dev.proudsite.pl/rewolucje-prawne-w-odpadach-2018-2,post,editorial,noindex,not_required,none,,,,not_required,,audit_only_no_content,,,false,non_survivor_noindex,execute_noindex_policy
current_state,content_status_214_v1,2026-09-10T12:00:00+02:00,WILQ SQLite;canonical content ledger;dev execution readback;dev sitemap inventory,/roczne-sprawozdanie-w-bdo-co-sprawdzic-przed-31-grudnia-aby-nie-narazic-sie-na-kary,https://ekologus.dev.proudsite.pl/roczne-sprawozdanie-w-bdo-co-sprawdzic-przed-31-grudnia-aby-nie-narazic-sie-na-kary,post,editorial,keep,not_written,none,,,,not_generated,,candidate_blocked,,,false,content_flag_guarantee;content_flag_product_scope;cta_target_verification_required;current_revision_missing;current_work_item_missing;gsc_query_metric_context_absent;internal_link_verification_required;no_exact_gsc_page_facts;owner_review_required;page_asset_owner_review_required;seo_meta_owner_mapping_missing;source_claim_review_required;target_mapping_confirmation_required;target_mapping_observation_only;update_only_readback_contract_missing,prepare_evidence_bound_revision
current_state,content_status_214_v1,2026-09-10T12:00:00+02:00,WILQ SQLite;canonical content ledger;dev execution readback;dev sitemap inventory,/rodzaj-szkolenia/szkolenia-na-stale-w-ofercie,https://ekologus.dev.proudsite.pl/rodzaj-szkolenia/szkolenia-na-stale-w-ofercie,,taxonomy_or_system,remove,not_required,none,,,,not_required,,audit_only_no_content,,,false,non_survivor_remove,execute_remove_policy
current_state,content_status_214_v1,2026-09-10T12:00:00+02:00,WILQ SQLite;canonical content ledger;dev execution readback;dev sitemap inventory,/rodzaj-szkolenia/szkolenia-realizowane-jednorazowo,https://ekologus.dev.proudsite.pl/rodzaj-szkolenia/szkolenia-realizowane-jednorazowo,,taxonomy_or_system,remove,not_required,none,,,,not_required,,audit_only_no_content,,,false,non_survivor_remove,execute_remove_policy
current_state,content_status_214_v1,2026-09-10T12:00:00+02:00,WILQ SQLite;canonical content ledger;dev execution readback;dev sitemap inventory,/rodzaj-szkolenia/zakonczone,https://ekologus.dev.proudsite.pl/rodzaj-szkolenia/zakonczone,,taxonomy_or_system,remove,not_required,none,,,,not_required,,audit_only_no_content,,,false,non_survivor_remove,execute_remove_policy
current_state,content_status_214_v1,2026-09-10T12:00:00+02:00,WILQ SQLite;canonical content ledger;dev execution readback;dev sitemap inventory,/rozbudowa-zakladu-a-koniecznosc-uzyskania-decyzji-srodowiskowej,https://ekologus.dev.proudsite.pl/rozbudowa-zakladu-a-koniecznosc-uzyskania-decyzji-srodowiskowej,post,editorial,keep,not_written,none,,,,not_generated,,candidate_blocked,,,false,content_flag_historic_date;cta_target_verification_required;current_revision_missing;current_work_item_missing;internal_link_verification_required;owner_review_required;page_asset_owner_review_required;seo_meta_duplicate_split_required;seo_meta_owner_mapping_missing;source_claim_review_required;target_mapping_confirmation_required;target_mapping_observation_only;update_only_readback_contract_missing,prepare_evidence_bound_revision
current_state,content_status_214_v1,2026-09-10T12:00:00+02:00,WILQ SQLite;canonical content ledger;dev execution readback;dev sitemap inventory,/sorbenty-czym-sa-jak-dzialaja-i-dlaczego-warto-je-stosowac,https://ekologus.dev.proudsite.pl/sorbenty-czym-sa-jak-dzialaja-i-dlaczego-warto-je-stosowac,post,editorial,keep,not_written,none,,,,not_generated,,candidate_blocked,,,false,content_flag_guarantee;content_flag_product_scope;cta_target_verification_required;current_revision_missing;current_work_item_missing;internal_link_verification_required;owner_review_required;page_asset_owner_review_required;seo_meta_owner_mapping_missing;source_claim_review_required;target_mapping_confirmation_required;target_mapping_observation_only;update_only_readback_contract_missing,prepare_evidence_bound_revision
current_state,content_status_214_v1,2026-09-10T12:00:00+02:00,WILQ SQLite;canonical content ledger;dev execution readback;dev sitemap inventory,/specjalisci/specjalista-1,https://ekologus.dev.proudsite.pl/specjalisci/specjalista-1,,taxonomy_or_system,remove,not_required,none,,,,not_required,,audit_only_no_content,,,false,non_survivor_remove,execute_remove_policy
current_state,content_status_214_v1,2026-09-10T12:00:00+02:00,WILQ SQLite;canonical content ledger;dev execution readback;dev sitemap inventory,/specjalisci/specjalista-2,https://ekologus.dev.proudsite.pl/specjalisci/specjalista-2,,taxonomy_or_system,remove,not_required,none,,,,not_required,,audit_only_no_content,,,false,non_survivor_remove,execute_remove_policy
current_state,content_status_214_v1,2026-09-10T12:00:00+02:00,WILQ SQLite;canonical content ledger;dev execution readback;dev sitemap inventory,/specjalisci/specjalista-3,https://ekologus.dev.proudsite.pl/specjalisci/specjalista-3,,taxonomy_or_system,remove,not_required,none,,,,not_required,,audit_only_no_content,,,false,non_survivor_remove,execute_remove_policy
current_state,content_status_214_v1,2026-09-10T12:00:00+02:00,WILQ SQLite;canonical content ledger;dev execution readback;dev sitemap inventory,/specjalisci/specjalista-4,https://ekologus.dev.proudsite.pl/specjalisci/specjalista-4,,taxonomy_or_system,remove,not_required,none,,,,not_required,,audit_only_no_content,,,false,non_survivor_remove,execute_remove_policy
current_state,content_status_214_v1,2026-09-10T12:00:00+02:00,WILQ SQLite;canonical content ledger;dev execution readback;dev sitemap inventory,/spotkanie-ekokobiet-2018-2,https://ekologus.dev.proudsite.pl/spotkanie-ekokobiet-2018-2,post,editorial,noindex,not_required,none,,,,not_required,,audit_only_no_content,,,false,non_survivor_noindex,execute_noindex_policy
current_state,content_status_214_v1,2026-09-10T12:00:00+02:00,WILQ SQLite;canonical content ledger;dev execution readback;dev sitemap inventory,/spotkanie-ekokobiet-2019,https://ekologus.dev.proudsite.pl/spotkanie-ekokobiet-2019,post,editorial,noindex,not_required,none,,,,not_required,,audit_only_no_content,,,false,non_survivor_noindex,execute_noindex_policy
current_state,content_status_214_v1,2026-09-10T12:00:00+02:00,WILQ SQLite;canonical content ledger;dev execution readback;dev sitemap inventory,/sprawdz-co-ci-grozi-jesli-nie-zlozysz-sprawozdania-z-zakresu-ochrony-srodowiska,https://ekologus.dev.proudsite.pl/sprawdz-co-ci-grozi-jesli-nie-zlozysz-sprawozdania-z-zakresu-ochrony-srodowiska,post,editorial,noindex,not_required,none,,,,not_required,,audit_only_no_content,,,false,non_survivor_noindex,execute_noindex_policy
current_state,content_status_214_v1,2026-09-10T12:00:00+02:00,WILQ SQLite;canonical content ledger;dev execution readback;dev sitemap inventory,/sprawozdawczosc-srodowiskowa,https://ekologus.dev.proudsite.pl/sprawozdawczosc-srodowiskowa,post,editorial,noindex,not_required,none,,,,not_required,,audit_only_no_content,,,false,non_survivor_noindex,execute_noindex_policy
current_state,content_status_214_v1,2026-09-10T12:00:00+02:00,WILQ SQLite;canonical content ledger;dev execution readback;dev sitemap inventory,/system-zarzadzania-energia-iso-50001,https://ekologus.dev.proudsite.pl/system-zarzadzania-energia-iso-50001,post,editorial,noindex,not_required,none,,,,not_required,,audit_only_no_content,,,false,non_survivor_noindex,execute_noindex_policy
current_state,content_status_214_v1,2026-09-10T12:00:00+02:00,WILQ SQLite;canonical content ledger;dev execution readback;dev sitemap inventory,/szkody-w-srodowisku-jak-zapobiegac-i-naprawiac,https://ekologus.dev.proudsite.pl/szkody-w-srodowisku-jak-zapobiegac-i-naprawiac,post,editorial,noindex,not_required,none,,,,not_required,,audit_only_no_content,,,false,non_survivor_noindex,execute_noindex_policy
current_state,content_status_214_v1,2026-09-10T12:00:00+02:00,WILQ SQLite;canonical content ledger;dev execution readback;dev sitemap inventory,/szkolenia_otwarte,https://ekologus.dev.proudsite.pl/szkolenia_otwarte,,taxonomy_or_system,remove,not_required,none,,,,not_required,,audit_only_no_content,,,false,non_survivor_remove,execute_remove_policy
current_state,content_status_214_v1,2026-09-10T12:00:00+02:00,WILQ SQLite;canonical content ledger;dev execution readback;dev sitemap inventory,/szkolenia_otwarte/kierownik-skladowiska-odpadow-2025,https://ekologus.dev.proudsite.pl/szkolenia_otwarte/kierownik-skladowiska-odpadow-2025,,taxonomy_or_system,remove,not_required,none,,,,not_required,,audit_only_no_content,,,false,non_survivor_remove,execute_remove_policy
current_state,content_status_214_v1,2026-09-10T12:00:00+02:00,WILQ SQLite;canonical content ledger;dev execution readback;dev sitemap inventory,/szkolenia_otwarte/kompendium-wiedzy-z-ochrony-srodowiska-2025,https://ekologus.dev.proudsite.pl/szkolenia_otwarte/kompendium-wiedzy-z-ochrony-srodowiska-2025,,taxonomy_or_system,remove,not_required,none,,,,not_required,,audit_only_no_content,,,false,non_survivor_remove,execute_remove_policy
current_state,content_status_214_v1,2026-09-10T12:00:00+02:00,WILQ SQLite;canonical content ledger;dev execution readback;dev sitemap inventory,/szkolenia_otwarte/kompendium-wiedzy-z-ochrony-srodowiska-2025-2,https://ekologus.dev.proudsite.pl/szkolenia_otwarte/kompendium-wiedzy-z-ochrony-srodowiska-2025-2,,taxonomy_or_system,remove,not_required,none,,,,not_required,,audit_only_no_content,,,false,non_survivor_remove,execute_remove_policy
current_state,content_status_214_v1,2026-09-10T12:00:00+02:00,WILQ SQLite;canonical content ledger;dev execution readback;dev sitemap inventory,/szkolenia_otwarte/szkolenie-otwarte,https://ekologus.dev.proudsite.pl/szkolenia_otwarte/szkolenie-otwarte,,taxonomy_or_system,remove,not_required,none,,,,not_required,,audit_only_no_content,,,false,non_survivor_remove,execute_remove_policy
current_state,content_status_214_v1,2026-09-10T12:00:00+02:00,WILQ SQLite;canonical content ledger;dev execution readback;dev sitemap inventory,/szkolenie-zwiekszajace-swiadomosc-postepowania-w-przypadku-zagrozenia-przy-stanowisku-pracy,https://ekologus.dev.proudsite.pl/szkolenie-zwiekszajace-swiadomosc-postepowania-w-przypadku-zagrozenia-przy-stanowisku-pracy,post,editorial,noindex,not_required,none,,,,not_required,,audit_only_no_content,,,false,non_survivor_noindex,execute_noindex_policy
current_state,content_status_214_v1,2026-09-10T12:00:00+02:00,WILQ SQLite;canonical content ledger;dev execution readback;dev sitemap inventory,/targi-expo-silesia-2013-x,https://ekologus.dev.proudsite.pl/targi-expo-silesia-2013-x,post,editorial,noindex,not_required,none,,,,not_required,,audit_only_no_content,,,false,non_survivor_noindex,execute_noindex_policy
current_state,content_status_214_v1,2026-09-10T12:00:00+02:00,WILQ SQLite;canonical content ledger;dev execution readback;dev sitemap inventory,/typ/porady,https://ekologus.dev.proudsite.pl/typ/porady,,taxonomy_or_system,remove,not_required,none,,,,not_required,,audit_only_no_content,,,false,non_survivor_remove,execute_remove_policy
current_state,content_status_214_v1,2026-09-10T12:00:00+02:00,WILQ SQLite;canonical content ledger;dev execution readback;dev sitemap inventory,/typ/wiedza,https://ekologus.dev.proudsite.pl/typ/wiedza,,taxonomy_or_system,redirect,not_required,none,,,,not_required,,audit_only_no_content,,,false,non_survivor_redirect,execute_redirect_policy
current_state,content_status_214_v1,2026-09-10T12:00:00+02:00,WILQ SQLite;canonical content ledger;dev execution readback;dev sitemap inventory,/typ/wydarzenia,https://ekologus.dev.proudsite.pl/typ/wydarzenia,,taxonomy_or_system,remove,not_required,none,,,,not_required,,audit_only_no_content,,,false,non_survivor_remove,execute_remove_policy
current_state,content_status_214_v1,2026-09-10T12:00:00+02:00,WILQ SQLite;canonical content ledger;dev execution readback;dev sitemap inventory,/uzasadnienie-celowosci-sporzadzania-rachunku-kosztow-srodowiskowych-w-przedsiebiorstwach-przemyslowych,https://ekologus.dev.proudsite.pl/uzasadnienie-celowosci-sporzadzania-rachunku-kosztow-srodowiskowych-w-przedsiebiorstwach-przemyslowych,post,editorial,keep,not_written,none,,,,not_generated,,candidate_blocked,,,false,content_flag_guarantee;cta_target_verification_required;current_revision_missing;current_work_item_missing;internal_link_verification_required;owner_review_required;page_asset_owner_review_required;seo_meta_owner_mapping_missing;source_claim_review_required;target_mapping_confirmation_required;target_mapping_observation_only;update_only_readback_contract_missing,prepare_evidence_bound_revision
current_state,content_status_214_v1,2026-09-10T12:00:00+02:00,WILQ SQLite;canonical content ledger;dev execution readback;dev sitemap inventory,/wazne-zmiany-prawne-dla-firm-ktorym-do-31-grudnia-2025-beda-konczyc-sie-decyzje-na-wytwarzanie-zbieranie-i-przetwarzanie-odpadow,https://ekologus.dev.proudsite.pl/wazne-zmiany-prawne-dla-firm-ktorym-do-31-grudnia-2025-beda-konczyc-sie-decyzje-na-wytwarzanie-zbieranie-i-przetwarzanie-odpadow,post,editorial,noindex,not_required,none,,,,not_required,,audit_only_no_content,,,false,non_survivor_noindex,execute_noindex_policy
current_state,content_status_214_v1,2026-09-10T12:00:00+02:00,WILQ SQLite;canonical content ledger;dev execution readback;dev sitemap inventory,/wiedza,https://ekologus.dev.proudsite.pl/wiedza,,taxonomy_or_system,redirect,not_required,none,,,,not_required,,audit_only_no_content,,,false,non_survivor_redirect,execute_redirect_policy
current_state,content_status_214_v1,2026-09-10T12:00:00+02:00,WILQ SQLite;canonical content ledger;dev execution readback;dev sitemap inventory,/wpis-do-ceeb-ostatni-dzwonek,https://ekologus.dev.proudsite.pl/wpis-do-ceeb-ostatni-dzwonek,post,editorial,noindex,not_required,none,,,,not_required,,audit_only_no_content,,,false,non_survivor_noindex,execute_noindex_policy
current_state,content_status_214_v1,2026-09-10T12:00:00+02:00,WILQ SQLite;canonical content ledger;dev execution readback;dev sitemap inventory,/wyszukiwarka,https://ekologus.dev.proudsite.pl/wyszukiwarka,page,landing_or_hub,remove,not_required,none,,,,not_required,,audit_only_no_content,,,false,non_survivor_remove,execute_remove_policy
current_state,content_status_214_v1,2026-09-10T12:00:00+02:00,WILQ SQLite;canonical content ledger;dev execution readback;dev sitemap inventory,/zamkniecie-roku-w-ochronie-srodowiska-jak-uporzadkowac-obowiazki-i-wejsc-spokojnie-w-nowy-rok,https://ekologus.dev.proudsite.pl/zamkniecie-roku-w-ochronie-srodowiska-jak-uporzadkowac-obowiazki-i-wejsc-spokojnie-w-nowy-rok,post,editorial,keep,not_written,none,,,,not_generated,,candidate_blocked,,,false,content_flag_guarantee;content_flag_product_scope;cta_target_verification_required;current_revision_missing;current_work_item_missing;internal_link_verification_required;owner_review_required;page_asset_owner_review_required;seo_meta_owner_mapping_missing;source_claim_review_required;target_mapping_confirmation_required;target_mapping_observation_only;update_only_readback_contract_missing,prepare_evidence_bound_revision
current_state,content_status_214_v1,2026-09-10T12:00:00+02:00,WILQ SQLite;canonical content ledger;dev execution readback;dev sitemap inventory,/zaostrzone-kary-za-wykroczenia-i-przestepstwa-przeciwko-srodowisku-naturalnemu,https://ekologus.dev.proudsite.pl/zaostrzone-kary-za-wykroczenia-i-przestepstwa-przeciwko-srodowisku-naturalnemu,post,editorial,noindex,not_required,none,,,,not_required,,audit_only_no_content,,,false,non_survivor_noindex,execute_noindex_policy
current_state,content_status_214_v1,2026-09-10T12:00:00+02:00,WILQ SQLite;canonical content ledger;dev execution readback;dev sitemap inventory,/zaufali-nam,https://ekologus.dev.proudsite.pl/zaufali-nam,page,landing_or_hub,remove,not_required,none,,,,not_required,,audit_only_no_content,,,false,non_survivor_remove,execute_remove_policy
current_state,content_status_214_v1,2026-09-10T12:00:00+02:00,WILQ SQLite;canonical content ledger;dev execution readback;dev sitemap inventory,/zestawienie-aktualnych-form-wsparcia-i-najnowszych-zmian-prawnych-w-ochronie-srodowiska,https://ekologus.dev.proudsite.pl/zestawienie-aktualnych-form-wsparcia-i-najnowszych-zmian-prawnych-w-ochronie-srodowiska,post,editorial,noindex,not_required,none,,,,not_required,,audit_only_no_content,,,false,non_survivor_noindex,execute_noindex_policy
current_state,content_status_214_v1,2026-09-10T12:00:00+02:00,WILQ SQLite;canonical content ledger;dev execution readback;dev sitemap inventory,/zmiany-w-bdo-po-2020,https://ekologus.dev.proudsite.pl/zmiany-w-bdo-po-2020,post,editorial,noindex,not_required,none,,,,not_required,,audit_only_no_content,,,false,non_survivor_noindex,execute_noindex_policy
current_state,content_status_214_v1,2026-09-10T12:00:00+02:00,WILQ SQLite;canonical content ledger;dev execution readback;dev sitemap inventory,/zmiany-w-ustawie-o-ocenach-oddzialywania-na-srodowisko-co-powinien-wiedziec-inwestor,https://ekologus.dev.proudsite.pl/zmiany-w-ustawie-o-ocenach-oddzialywania-na-srodowisko-co-powinien-wiedziec-inwestor,post,editorial,noindex,not_required,none,,,,not_required,,audit_only_no_content,,,false,non_survivor_noindex,execute_noindex_policy
current_state,content_status_214_v1,2026-09-10T12:00:00+02:00,WILQ SQLite;canonical content ledger;dev execution readback;dev sitemap inventory,/zmiany-w-ustawie-prawo-ochrony-srodowiska-wynikajace-z-wdrozenia-dyrektywy-2010-75-ue-w-sprawie-emisji-przemyslowych,https://ekologus.dev.proudsite.pl/zmiany-w-ustawie-prawo-ochrony-srodowiska-wynikajace-z-wdrozenia-dyrektywy-2010-75-ue-w-sprawie-emisji-przemyslowych,post,editorial,noindex,not_required,none,,,,not_required,,audit_only_no_content,,,false,non_survivor_noindex,execute_noindex_policy
